episode,timestep,ep_return,steps,explored_voxels,coverage_pct,visited_rooms,success,crashed,min_lidar,ent_coef,actor_loss,critic_loss
1,352,35.65,44,482,47.1,1,0,1,0.206,0.0,0.0,0.0
2,2136,52.02,267,461,45.0,1,0,1,0.172,0.0,0.0,0.0
3,2456,111.21,307,507,49.5,1,0,1,0.102,0.0,0.0,0.0
4,2960,26.23,103,222,21.7,1,0,1,0.129,0.0,0.0,0.0
5,3064,2.37,76,432,42.2,1,0,1,0.191,0.0,0.0,0.0
6,3360,-88.78,420,282,27.5,1,0,1,0.144,0.0,0.0,0.0
7,3688,93.02,461,370,36.1,1,0,1,0.149,0.0,0.0,0.0
8,4496,-13.08,142,285,27.8,1,0,1,0.129,0.0,0.0,0.0
9,4640,217.63,580,631,61.6,1,0,1,0.063,0.0,0.0,0.0
10,4712,-17.5,9,407,39.7,1,0,1,0.189,0.0,0.0,0.0
11,4720,-33.94,129,389,38.0,1,0,1,0.146,0.0,0.0,0.0
12,4800,195.4,600,483,47.2,1,0,0,1.984,0.0,0.0,0.0
13,4800,38.7,600,486,47.5,1,0,0,1.589,0.0,0.0,0.0
14,5064,8.88,71,188,18.4,1,0,1,0.153,0.0,0.0,0.0
15,5152,53.35,600,475,46.4,1,0,0,0.407,0.0,0.0,0.0
16,5296,-12.85,18,200,19.5,1,0,1,0.156,0.0,0.0,0.0
17,5792,-2.35,134,408,39.8,1,0,1,0.098,0.0,0.0,0.0
18,6064,86.37,96,475,46.4,1,0,1,0.12,0.0,0.0,0.0
19,7072,-35.68,160,269,26.3,1,0,1,0.185,0.0,0.0,0.0
20,7480,-70.85,335,204,19.9,1,0,1,0.082,0.0,0.0,0.0
21,7760,176.05,600,566,55.3,1,0,0,0.869,0.0,0.0,0.0
22,7864,35.2,600,459,44.8,1,0,0,0.262,0.0,0.0,0.0
23,8376,-24.18,112,273,26.7,1,0,1,0.13,0.0,0.0,0.0
24,8592,-4.37,441,442,43.2,1,0,1,0.172,0.0,0.0,0.0
25,9264,-79.84,558,279,27.2,1,0,1,0.191,0.0,0.0,0.0
26,9512,-43.33,600,450,43.9,1,0,0,1.346,0.0,0.0,0.0
27,9904,-8.25,80,207,20.2,1,0,1,0.187,0.0,0.0,0.0
28,9968,-32.22,488,225,22.0,1,0,1,0.171,0.0,0.0,0.0
29,10136,11.85,284,306,29.9,1,0,1,0.173,0.0,0.0,0.0
30,10408,13.39,112,205,20.0,1,0,1,0.149,0.0,-4.0355,5.6941
31,10480,131.48,263,568,55.5,1,0,1,0.115,0.0,-4.0355,5.6941
32,10728,111.37,267,520,50.8,1,0,1,0.0,0.0,-5.1671,4.7901
33,10736,21.39,41,446,43.6,1,0,1,0.177,0.0,0.0,0.0
34,10864,144.03,388,574,56.1,1,0,1,0.209,0.0,-6.0205,6.2441
35,10888,44.55,123,378,36.9,1,0,1,0.158,0.0,-6.0205,6.2441
36,11696,128.44,578,523,51.1,1,0,1,0.064,0.0,-8.6034,5.8935
37,12168,86.52,180,248,24.2,1,0,1,0.191,0.0,-10.3413,6.261
38,12880,75.65,89,476,46.5,1,0,1,0.127,0.0,-13.1772,5.6375
39,13024,67.85,382,251,24.5,1,0,1,0.185,0.0,-13.1772,5.6375
40,14936,352.91,600,698,68.2,2,0,0,1.04,0.0,-21.0576,4.2141
41,15280,403.21,600,779,76.1,2,0,0,1.84,0.0,-21.8707,3.9805
42,15536,444.4,600,741,72.4,2,0,0,1.545,0.0,-22.7475,4.136
43,15664,420.2,600,773,75.5,2,0,0,1.516,0.0,-23.6148,4.5721
44,15688,364.65,600,581,56.7,2,0,0,1.491,0.0,-23.6148,4.5721
45,15896,-9.9,26,175,17.1,1,0,1,0.194,0.0,-24.4521,4.2766
46,16496,551.12,600,797,77.8,3,0,0,1.806,0.0,-26.1412,4.3496
47,17680,474.46,600,787,76.9,3,0,0,1.686,0.0,-30.0391,4.2971
48,17824,577.74,600,858,83.8,4,0,0,1.351,0.0,-30.0391,4.2971
49,19680,344.62,502,855,83.5,4,0,1,0.055,0.0,-34.4275,4.4779
50,19736,536.3,600,974,95.1,4,0,0,0.541,0.0,-34.8723,4.4694
51,19800,-12.34,15,402,39.3,1,0,1,0.169,0.0,-34.8723,4.4694
52,20080,141.1,600,443,43.3,1,0,0,2.244,0.0,-35.2301,4.7483
53,20096,394.57,525,945,92.3,5,0,1,0.104,0.0,0.0,0.0
54,20336,477.02,600,883,86.2,4,0,0,1.051,0.0,-35.8745,4.7007
55,21296,383.36,600,859,83.9,4,0,0,0.961,0.0,-37.9075,4.9249
56,21472,18.04,22,224,21.9,1,0,1,0.192,0.0,-37.9075,4.9249
57,21912,586.85,227,1024,100.0,6,1,0,1.098,0.0,-38.9278,5.1382
58,21992,613.55,239,1023,99.9,6,1,0,1.141,0.0,-38.9278,5.1382
59,22480,127.63,600,570,55.7,3,0,0,2.069,0.0,-39.8634,5.4505
60,22624,75.53,600,508,49.6,2,0,0,0.833,0.0,-40.4063,5.096
61,24536,411.1,600,915,89.4,5,0,0,1.452,0.0,-43.544,5.0745
62,24600,351.13,600,936,91.4,5,0,0,1.124,0.0,-43.9711,5.2494
63,24768,2.37,29,203,19.8,1,0,1,0.208,0.0,-43.9711,5.2494
64,24928,255.56,306,919,89.7,5,0,1,0.134,0.0,-44.4376,6.0041
65,24984,302.55,581,897,87.6,5,0,1,0.223,0.0,0.0,0.0
66,25000,312.51,297,954,93.2,5,0,1,0.079,0.0,0.0,0.0
67,25808,613.58,542,1022,99.8,6,1,0,1.814,0.0,-46.0183,5.5003
68,26088,515.55,145,1022,99.8,6,1,0,1.26,0.0,-46.4672,5.9753
69,26200,511.9,150,1022,99.8,6,1,0,1.688,0.0,-47.2188,6.5734
70,26712,385.86,600,1024,100.0,5,0,0,1.486,0.0,-48.1867,6.4193
71,26792,208.78,600,867,84.7,3,0,0,1.064,0.0,-48.1867,6.4193
72,27056,508.72,156,1022,99.8,6,1,0,1.445,0.0,-48.6316,5.9547
73,27200,513.89,139,1018,99.4,6,1,0,1.865,0.0,-49.554,6.0259
74,27384,46.62,23,522,51.0,2,0,1,0.15,0.0,-49.554,6.0259
75,27824,483.31,139,1024,100.0,6,1,0,1.327,0.0,-50.1692,6.6369
76,27872,495.65,135,1021,99.7,6,1,0,1.331,0.0,-50.1692,6.6369
77,29280,274.09,182,935,91.3,5,0,1,0.172,0.0,-52.9348,6.5205
78,29280,287.78,176,939,91.7,5,0,1,0.122,0.0,-52.9348,6.5205
79,29400,389.03,600,875,85.4,4,0,0,1.195,0.0,-52.9348,6.5205
80,29568,254.86,600,865,84.5,4,0,0,0.881,0.0,-53.401,8.5467
81,29784,248.6,600,879,85.8,4,0,0,1.069,0.0,-53.9883,7.0552
82,31000,310.64,600,893,87.2,5,0,0,0.934,0.0,-55.8053,7.8405
83,31856,204.92,600,942,92.0,5,0,0,0.581,0.0,-56.7692,7.3673
84,32064,5.26,26,212,20.7,1,0,1,0.162,0.0,-56.8738,7.7538
85,32184,226.77,600,862,84.2,4,0,0,1.778,0.0,0.0,0.0
86,34080,267.58,600,955,93.3,5,0,0,1.184,0.0,-58.8566,8.6102
87,34080,385.26,600,901,88.0,5,0,0,0.517,0.0,-58.8566,8.6102
88,34200,227.25,600,869,84.9,4,0,0,1.72,0.0,-58.8566,8.6102
89,34368,286.98,600,876,85.5,5,0,0,1.247,0.0,-58.9412,8.7599
90,34584,273.45,600,876,85.5,5,0,0,0.711,0.0,-59.1785,8.742
91,35800,256.98,600,869,84.9,4,0,0,1.403,0.0,-60.7477,9.5643
92,36864,281.75,600,934,91.2,5,0,0,1.749,0.0,-61.8349,8.375
93,36984,208.76,600,850,83.0,4,0,0,1.287,0.0,-61.6786,8.1905
94,38232,164.81,171,792,77.3,3,0,1,0.2,0.0,-63.5778,11.1291
95,38456,123.88,184,700,68.4,2,0,1,0.184,0.0,-63.2128,9.9331
96,38880,91.2,600,561,54.8,3,0,0,1.386,0.0,-63.8394,11.0316
97,38880,304.4,600,854,83.4,4,0,0,1.099,0.0,-63.8394,11.0316
98,39000,101.8,600,548,53.5,3,0,0,1.947,0.0,-64.6967,9.8223
99,39168,250.93,600,867,84.7,3,0,0,0.461,0.0,-64.6967,9.8223
100,39384,311.19,600,954,93.2,4,0,0,1.848,0.0,-64.1424,12.4192
101,39640,93.28,95,570,55.7,2,0,1,0.122,0.0,-65.1653,11.9337
102,40600,241.68,600,874,85.4,5,0,0,0.492,0.0,-65.9036,10.2126
103,43032,236.45,600,865,84.5,4,0,0,1.486,0.0,-67.598,11.4818
104,43256,314.32,600,954,93.2,5,0,0,1.353,0.0,-67.598,11.4818
105,43344,-10.94,11,195,19.0,1,0,1,0.19,0.0,-67.6198,10.6117
106,43680,116.14,600,764,74.6,3,0,0,0.795,0.0,-67.6877,10.8864
107,43800,323.5,600,1019,99.5,5,0,0,1.252,0.0,-67.9676,10.7044
108,43968,219.48,600,561,54.8,3,0,0,1.554,0.0,-67.9676,10.7044
109,44184,388.65,600,1023,99.9,5,0,0,0.898,0.0,-68.4028,10.4567
110,44440,116.75,600,579,56.5,3,0,0,2.015,0.0,-68.0878,13.5731
111,44648,8.32,106,227,22.2,1,0,1,0.142,0.0,-68.3329,12.0975
112,45400,135.54,600,699,68.3,2,0,0,1.519,0.0,-70.2681,11.4916
113,47832,94.57,600,747,72.9,2,0,0,2.18,0.0,-70.517,14.2925
114,48144,122.5,600,693,67.7,2,0,0,1.186,0.0,-71.0839,14.7462
115,48480,145.8,600,777,75.9,3,0,0,0.959,0.0,-71.2245,15.5295
116,48768,408.46,600,1020,99.6,5,0,0,1.214,0.0,-70.5724,12.5461
117,48984,133.22,600,752,73.4,2,0,0,1.076,0.0,-71.4363,12.7926
118,49128,134.98,81,742,72.5,2,0,1,0.198,0.0,-71.4363,12.7926
119,49232,135.53,58,756,73.8,3,0,1,0.076,0.0,-72.1091,15.2192
120,49240,334.23,600,955,93.3,4,0,0,1.673,0.0,-72.1091,15.2192
121,49448,229.05,600,533,52.1,3,0,0,0.896,0.0,-71.8485,12.7521
122,49552,-2.44,13,451,44.0,1,0,1,0.179,0.0,-71.8485,12.7521
123,49776,269.75,99,837,81.7,4,0,1,0.152,0.0,-71.9892,16.1404
124,50200,130.09,600,742,72.5,3,0,0,0.722,0.0,-72.7524,12.925
125,50264,-16.88,8,439,42.9,1,0,1,0.185,0.0,0.0,0.0
126,50296,99.28,269,739,72.2,2,0,1,0.156,0.0,0.0,0.0
127,50344,-11.08,10,424,41.4,1,0,1,0.14,0.0,0.0,0.0
128,50384,-11.33,11,439,42.9,1,0,1,0.119,0.0,0.0,0.0
129,50424,182.0,149,767,74.9,3,0,1,0.095,0.0,0.0,0.0
130,50448,257.02,112,794,77.5,3,0,1,0.129,0.0,-72.3221,14.7823
131,51680,113.4,481,765,74.7,2,0,1,0.195,0.0,-73.4763,13.4816
132,53928,315.2,600,836,81.6,3,0,0,0.565,0.0,-73.8025,16.0945
133,54040,272.33,600,847,82.7,3,0,0,0.409,0.0,-73.9345,13.6947
134,54224,181.87,556,908,88.7,4,0,1,0.203,0.0,-73.9345,13.6947
135,55112,-42.25,134,194,18.9,1,0,1,0.192,0.0,-74.1943,15.9051
136,55144,218.06,600,575,56.2,3,0,0,0.791,0.0,-74.1943,15.9051
137,55184,177.77,600,790,77.1,3,0,0,1.413,0.0,0.0,0.0
138,55224,151.33,600,792,77.3,3,0,0,1.825,0.0,0.0,0.0
139,55248,150.7,600,791,77.2,3,0,0,1.06,0.0,0.0,0.0
140,55256,9.29,18,237,23.1,1,0,1,0.146,0.0,0.0,0.0
141,55296,17.69,134,295,28.8,1,0,1,0.189,0.0,0.0,0.0
142,56480,169.94,600,822,80.3,3,0,0,0.488,0.0,-74.437,18.175
143,57024,327.93,216,955,93.3,5,0,1,0.163,0.0,-74.5709,14.5042
144,58656,299.41,272,954,93.2,5,0,1,0.097,0.0,-74.5866,15.3973
145,58728,229.32,600,830,81.1,3,0,0,0.534,0.0,0.0,0.0
146,59352,175.94,512,759,74.1,3,0,1,0.195,0.0,-74.1783,15.2337
147,59944,176.19,600,738,72.1,2,0,0,0.963,0.0,-74.5176,13.9103
148,59984,171.69,600,756,73.8,2,0,0,0.927,0.0,-74.5176,13.9103
149,60024,108.65,600,696,68.0,2,0,0,1.901,0.0,0.0,0.0
150,60048,117.59,600,710,69.3,2,0,0,1.145,0.0,0.0,0.0
151,61304,223.37,157,847,82.7,3,0,1,0.182,0.0,-74.6293,13.3314
152,61632,36.29,576,776,75.8,3,0,1,0.187,0.0,-74.6445,12.7166
153,62208,275.33,444,996,97.3,5,0,1,0.166,0.0,-73.8753,13.6897
154,63528,397.08,600,902,88.1,5,0,0,0.938,0.0,-73.7343,14.1941
155,63752,58.39,550,375,36.6,2,0,1,0.169,0.0,-73.7394,15.1779
156,63984,370.03,222,946,92.4,5,0,1,0.165,0.0,-73.7394,15.1779
157,64744,205.8,600,772,75.4,2,0,0,2.594,0.0,-73.7179,13.0537
158,64784,265.3,600,858,83.8,4,0,0,1.674,0.0,-74.0809,12.4475
159,64824,390.09,600,905,88.4,5,0,0,1.72,0.0,-74.0809,12.4475
160,65328,513.32,168,1023,99.9,6,1,0,1.446,0.0,-73.496,12.7795
161,65816,489.66,134,1018,99.4,6,1,0,1.708,0.0,-72.8805,11.9813
162,66104,239.02,600,892,87.1,4,0,0,1.653,0.0,-73.3191,15.0443
163,66432,222.99,600,898,87.7,4,0,0,0.721,0.0,-72.7569,13.6933
164,66616,304.78,386,953,93.1,5,0,1,0.057,0.0,-72.606,13.2733
165,67424,284.63,325,903,88.2,5,0,1,0.185,0.0,-71.8606,12.5613
166,67472,293.02,465,879,85.8,5,0,1,0.178,0.0,-71.8606,12.5613
167,67632,454.81,127,1018,99.4,6,1,0,1.536,0.0,-72.5694,13.9286
168,67648,292.26,358,933,91.1,5,0,1,0.186,0.0,-72.5694,13.9286
169,68424,285.99,125,945,92.3,5,0,1,0.066,0.0,-73.1638,15.2013
170,68624,5.75,25,222,21.7,1,0,1,0.102,0.0,-72.4741,14.1022
171,70064,271.61,304,943,92.1,5,0,1,0.208,0.0,-71.68,16.4198
172,70128,272.75,600,886,86.5,4,0,0,1.106,0.0,-71.68,16.4198
173,70616,185.06,600,816,79.7,3,0,0,0.739,0.0,-71.0382,13.8352
174,70904,386.94,600,923,90.1,5,0,0,1.237,0.0,-71.507,15.4949
175,71232,274.73,600,918,89.6,4,0,0,1.128,0.0,-70.6437,15.1442
176,71768,361.18,144,927,90.5,5,0,1,0.189,0.0,-70.9051,12.2601
177,72272,377.81,600,1000,97.7,5,0,0,0.914,0.0,-70.9962,13.4827
178,72352,544.81,181,1016,99.2,6,1,0,1.581,0.0,-70.9962,13.4827
179,72448,405.18,600,958,93.6,5,0,0,1.2,0.0,-70.9962,13.4827
180,73424,328.01,600,890,86.9,5,0,0,0.495,0.0,-70.7571,14.3109
181,74088,371.69,290,870,85.0,5,0,1,0.187,0.0,-70.6254,12.2298
182,74520,286.4,259,948,92.6,5,0,1,0.157,0.0,-70.1947,13.2527
183,74584,491.09,145,1020,99.6,6,1,0,1.556,0.0,-70.1947,13.2527
184,74864,179.16,600,646,63.1,2,0,0,2.007,0.0,-70.905,12.5649
185,74928,200.01,600,803,78.4,3,0,0,0.718,0.0,0.0,0.0
186,76032,151.7,600,799,78.0,3,0,0,2.02,0.0,-69.7811,13.3189
187,76120,367.14,192,1002,97.9,5,0,1,0.097,0.0,-70.2533,13.1944
188,76184,504.23,165,1023,99.9,6,1,0,1.873,0.0,-70.2533,13.1944
189,76480,248.98,299,944,92.2,5,0,1,0.201,0.0,-69.3528,12.3969
190,76656,12.04,22,222,21.7,1,0,1,0.172,0.0,-69.8672,12.6334
191,76864,98.91,93,548,53.5,2,0,1,0.138,0.0,-69.1472,13.477
192,77072,318.31,600,953,93.1,5,0,0,0.67,0.0,-69.7045,13.5191
193,77152,365.13,600,999,97.6,4,0,0,1.127,0.0,0.0,0.0
194,78672,380.97,330,987,96.4,5,0,1,0.063,0.0,-69.9314,12.3228
195,79320,235.5,600,928,90.6,3,0,0,1.043,0.0,-69.0669,12.3946
196,79664,320.49,435,1007,98.3,5,0,1,0.221,0.0,-67.9635,14.9443
197,79728,298.67,600,883,86.2,3,0,0,1.575,0.0,0.0,0.0
198,79840,511.85,146,1023,99.9,6,1,0,1.82,0.0,0.0,0.0
199,80784,489.07,140,1016,99.2,6,1,0,1.838,0.0,-68.0789,12.851
200,80816,245.43,458,955,93.3,5,0,1,0.201,0.0,-68.0789,12.851
201,81344,243.31,586,935,91.3,5,0,1,0.194,0.0,-68.3492,12.5793
202,81664,343.34,600,885,86.4,5,0,0,1.612,0.0,-68.0037,12.2585
203,81832,12.04,21,229,22.4,1,0,1,0.143,0.0,-68.494,12.5951
204,81872,298.27,600,929,90.7,4,0,0,2.547,0.0,-68.494,12.5951
205,81888,-19.99,7,413,40.3,1,0,1,0.117,0.0,0.0,0.0
206,82968,289.41,269,934,91.2,5,0,1,0.199,0.0,-68.1987,16.6118
207,84096,509.61,141,1019,99.5,6,1,0,1.772,0.0,-66.9557,13.4421
208,84120,249.69,600,882,86.1,3,0,0,1.749,0.0,-66.9557,13.4421
209,84528,268.62,600,930,90.8,4,0,0,0.696,0.0,-66.9977,11.9605
210,84640,255.26,600,941,91.9,4,0,0,0.972,0.0,-66.9977,11.9605
211,84920,246.17,381,992,96.9,5,0,1,0.151,0.0,-66.7137,12.4475
212,85288,144.6,493,930,90.8,4,0,1,0.158,0.0,-66.4369,14.548
213,85584,175.09,600,788,77.0,3,0,0,1.756,0.0,-65.9559,12.9106
214,85896,543.27,222,1024,100.0,6,1,0,0.663,0.0,-67.0429,12.0903
215,86688,179.7,600,942,92.0,4,0,0,0.81,0.0,-66.4166,12.7109
216,87856,201.8,416,858,83.8,4,0,1,0.178,0.0,-65.486,15.2
217,88896,316.24,600,996,97.3,5,0,0,1.238,0.0,-64.7536,11.7791
218,89120,537.21,158,1024,100.0,6,1,0,1.615,0.0,-64.3476,11.7733
219,89440,202.63,600,859,83.9,4,0,0,1.427,0.0,-64.9173,17.6297
220,89720,78.72,600,635,62.0,2,0,0,2.019,0.0,-63.8184,11.3023
221,90088,281.62,600,997,97.4,5,0,0,2.215,0.0,-64.8132,11.423
222,90352,465.68,458,1023,99.9,6,1,0,1.844,0.0,-64.3848,10.8571
223,90384,238.03,600,943,92.1,4,0,0,0.528,0.0,-63.8986,13.0674
224,90432,524.5,164,1022,99.8,6,1,0,0.307,0.0,-63.8986,13.0674
225,90696,243.02,600,940,91.8,5,0,0,1.884,0.0,-63.9957,13.864
226,91144,510.49,132,1024,100.0,6,1,0,0.485,0.0,-63.5475,11.0671
227,91392,491.5,126,1024,100.0,6,1,0,0.428,0.0,-63.5475,11.0671
228,91544,526.0,331,1024,100.0,6,1,0,0.4,0.0,-64.2739,11.0519
229,91912,529.98,152,1021,99.7,6,1,0,1.759,0.0,-63.9569,13.6813
230,92384,489.62,124,1024,100.0,6,1,0,0.558,0.0,-64.29,11.6968
231,94240,228.31,600,996,97.3,5,0,0,2.451,0.0,-62.9395,13.856
232,94520,265.09,600,936,91.4,4,0,0,2.56,0.0,-62.912,13.0115
233,94616,286.27,533,892,87.1,5,0,1,0.167,0.0,0.0,0.0
234,94912,169.97,560,827,80.8,3,0,1,0.193,0.0,-62.9875,11.7731
235,95552,305.81,164,956,93.4,5,0,1,0.224,0.0,-62.5991,12.6077
236,95912,237.91,125,941,91.9,4,0,1,0.197,0.0,-63.6394,14.0649
237,95944,230.22,600,991,96.8,5,0,0,2.606,0.0,0.0,0.0
238,96072,140.93,566,856,83.6,4,0,1,0.138,0.0,-62.7269,13.7915
239,96272,378.92,486,973,95.0,5,0,1,0.181,0.0,-62.7919,15.19
240,96712,227.68,600,996,97.3,5,0,0,2.1,0.0,-63.2255,13.6001
241,97688,576.63,396,1024,100.0,6,1,0,1.51,0.0,-63.2073,12.8673
242,97880,516.06,146,1024,100.0,6,1,0,1.391,0.0,-63.2006,12.6344
243,98712,252.67,305,1007,98.3,5,0,1,0.173,0.0,-63.8536,14.4725
244,98712,284.6,395,996,97.3,5,0,1,0.214,0.0,-63.8536,14.4725
245,99200,515.67,189,1021,99.7,6,1,0,1.796,0.0,-63.7023,11.9717
246,99416,82.53,600,644,62.9,2,0,0,1.842,0.0,-63.1294,12.5293
247,99576,108.13,438,629,61.4,2,0,1,0.1,0.0,-63.1294,12.5293
248,100648,524.79,181,1024,100.0,6,1,0,1.279,0.0,-62.9605,15.0661
249,100712,165.17,600,633,61.8,2,0,0,1.422,0.0,0.0,0.0
250,100744,97.4,600,620,60.5,2,0,0,1.91,0.0,0.0,0.0
251,101616,474.39,121,1024,100.0,6,1,0,1.363,0.0,-63.8845,15.3059
252,102680,269.24,600,1015,99.1,5,0,0,0.403,0.0,-63.3071,12.0081
253,102968,582.73,424,1018,99.4,6,1,0,1.692,0.0,-63.0487,14.3336
254,103512,112.92,600,642,62.7,2,0,0,0.764,0.0,-62.1848,13.3559
255,103512,124.13,600,633,61.8,2,0,0,1.338,0.0,-62.1848,13.3559
256,103752,474.71,134,1024,100.0,6,1,0,1.88,0.0,-63.0715,13.173
257,104216,205.33,600,934,91.2,4,0,0,1.94,0.0,-61.9491,13.0641
258,104688,527.73,147,1019,99.5,6,1,0,1.462,0.0,-62.4806,12.866
259,104848,498.03,137,1018,99.4,6,1,0,1.772,0.0,-62.7347,12.555
260,105512,254.7,600,927,90.5,4,0,0,1.307,0.0,-62.0001,13.674
261,105544,302.8,600,1005,98.1,5,0,0,1.78,0.0,0.0,0.0
262,105960,501.19,139,1024,100.0,6,1,0,1.478,0.0,-62.3285,13.3623
263,106144,251.25,79,939,91.7,4,0,1,0.102,0.0,-61.9554,12.2097
264,106352,444.55,355,1024,100.0,6,1,0,1.123,0.0,-62.3063,13.3313
265,106416,244.84,600,1009,98.5,5,0,0,1.408,0.0,0.0,0.0
266,107584,437.72,362,1024,100.0,6,1,0,0.367,0.0,-62.954,14.6556
267,107768,316.3,600,1018,99.4,5,0,0,1.822,0.0,-62.954,14.6556
268,109016,128.19,600,744,72.7,3,0,0,1.025,0.0,-61.6207,15.0594
269,109944,471.74,116,1024,100.0,6,1,0,1.844,0.0,-62.5029,12.9829
270,110064,228.39,456,1014,99.0,5,0,1,0.221,0.0,-62.5029,12.9829
271,110344,215.66,600,945,92.3,4,0,0,1.628,0.0,-61.9689,14.1053
272,110760,243.49,600,1007,98.3,5,0,0,1.658,0.0,-61.5433,12.7795
273,110944,249.42,600,1000,97.7,5,0,0,0.451,0.0,-61.6357,16.2386
274,111152,182.79,600,766,74.8,3,0,0,1.604,0.0,-61.6367,15.3374
275,112384,201.65,600,939,91.7,4,0,0,0.962,0.0,-61.8889,13.8629
276,112568,195.09,600,918,89.6,4,0,0,1.873,0.0,-61.5881,16.804
277,113600,507.95,129,1024,100.0,6,1,0,1.179,0.0,-61.5302,14.8907
278,114552,271.2,425,1008,98.4,5,0,1,0.197,0.0,-60.4675,13.0393
279,114680,453.18,135,1024,100.0,6,1,0,1.504,0.0,-60.4675,13.0393
280,114744,78.06,600,676,66.0,2,0,0,1.191,0.0,-60.5347,15.5666
281,114864,256.51,600,1005,98.1,5,0,0,0.429,0.0,0.0,0.0
282,115144,255.89,600,861,84.1,4,0,0,1.819,0.0,-61.148,15.4809
283,115512,81.3,46,394,38.5,2,0,1,0.2,0.0,-60.6946,16.4185
284,115560,266.61,600,1003,97.9,5,0,0,1.251,0.0,-60.6946,16.4185
285,115744,175.93,600,832,81.2,3,0,0,1.135,0.0,-61.2508,16.1775
286,117184,325.31,600,1016,99.2,5,0,0,2.363,0.0,-61.4179,13.9708
287,119352,243.39,600,1003,97.9,5,0,0,1.348,0.0,-60.4108,16.4033
288,119480,239.36,600,1010,98.6,5,0,0,1.517,0.0,-60.4108,16.4033
289,119544,179.5,600,940,91.8,4,0,0,0.938,0.0,0.0,0.0
290,119664,225.74,600,944,92.2,4,0,0,1.906,0.0,-60.0371,14.4685
291,120224,125.3,560,782,76.4,3,0,1,0.101,0.0,-59.8142,17.4128
292,120312,152.38,600,692,67.6,2,0,0,0.752,0.0,-59.8142,17.4128
293,120360,271.74,600,1000,97.7,5,0,0,1.1,0.0,-60.2162,16.4701
294,120416,455.78,133,1024,100.0,6,1,0,1.131,0.0,-60.2162,16.4701
295,121192,499.08,121,1023,99.9,6,1,0,0.636,0.0,-59.7614,13.1583
296,121352,467.26,124,1024,100.0,6,1,0,0.476,0.0,-60.3437,16.9259
297,121984,244.58,600,1000,97.7,5,0,0,2.18,0.0,-60.6398,17.236
298,124280,275.09,600,1019,99.5,5,0,0,2.288,0.0,-59.5903,14.6329
299,124344,239.0,600,993,97.0,5,0,0,0.899,0.0,-59.5903,14.6329
300,124464,142.12,600,752,73.4,3,0,0,0.717,0.0,-59.2673,16.2639
301,125112,215.3,600,928,90.6,4,0,0,1.64,0.0,-59.8612,19.2659
302,125216,136.17,600,794,77.5,3,0,0,1.148,0.0,-59.606,14.5367
303,125992,145.61,600,809,79.0,3,0,0,1.58,0.0,-61.0251,15.9742
304,126152,163.0,600,688,67.2,1,0,0,2.218,0.0,-61.0251,15.9742
305,126784,230.82,600,906,88.5,3,0,0,0.856,0.0,-60.7102,16.1457
306,126928,490.21,117,1024,100.0,6,1,0,0.685,0.0,-60.7102,16.1457
307,129080,248.06,600,1001,97.8,5,0,0,1.099,0.0,-60.2777,16.0017
308,129144,134.17,600,689,67.3,1,0,0,1.091,0.0,-60.2777,16.0017
309,129168,210.88,494,937,91.5,4,0,1,0.188,0.0,0.0,0.0
310,129264,143.3,600,677,66.1,2,0,0,0.791,0.0,0.0,0.0
311,129912,144.4,600,738,72.1,2,0,0,2.19,0.0,-60.5164,18.0099
312,130624,263.71,182,930,90.8,4,0,1,0.203,0.0,-60.5935,18.8133
313,130952,257.73,600,1017,99.3,5,0,0,1.791,0.0,-60.0133,17.1176
314,131584,248.61,600,918,89.6,4,0,0,0.735,0.0,-60.4535,18.5465
315,131728,296.31,600,1023,99.9,5,0,0,0.993,0.0,-60.2207,15.9459
316,132528,474.89,118,1023,99.9,6,1,0,0.307,0.0,-60.6562,16.8511
317,133400,460.5,109,1024,100.0,6,1,0,0.385,0.0,-60.0368,16.6304
318,133880,204.11,600,941,91.9,4,0,0,0.695,0.0,-59.478,16.0175
319,133944,221.92,600,944,92.2,4,0,0,1.965,0.0,-59.8188,17.7253
320,134064,127.21,600,800,78.1,3,0,0,1.588,0.0,-59.8188,17.7253
321,134712,182.64,600,847,82.7,4,0,0,1.208,0.0,-59.8139,19.1666
322,135424,321.2,600,975,95.2,5,0,0,0.568,0.0,-58.7197,17.3909
323,135752,204.41,600,933,91.1,3,0,0,1.793,0.0,-59.316,17.2157
324,136312,466.57,111,1024,100.0,6,1,0,0.606,0.0,-59.4425,17.5592
325,136528,248.47,600,855,83.5,4,0,0,1.516,0.0,-59.8675,19.1699
326,138200,249.48,600,983,96.0,5,0,0,2.249,0.0,-58.6913,17.6281
327,138680,268.01,600,783,76.5,3,0,0,1.686,0.0,-59.3958,17.6707
328,138744,210.2,600,581,56.7,2,0,0,1.513,0.0,-59.3958,17.6707
329,138864,232.52,600,936,91.4,4,0,0,1.253,0.0,-58.9021,16.5657
330,139512,237.25,600,842,82.2,4,0,0,1.906,0.0,-59.0853,17.2624
331,140552,294.27,600,860,84.0,4,0,0,0.43,0.0,-59.1385,18.5962
332,141112,240.45,600,924,90.2,4,0,0,0.89,0.0,-58.3359,19.0957
333,141328,274.3,600,926,90.4,4,0,0,0.667,0.0,-58.1715,18.1704
334,141488,295.33,247,1000,97.7,5,0,1,0.179,0.0,-58.1715,18.1704
335,141496,370.93,412,902,88.1,4,0,1,0.177,0.0,-58.1715,18.1704
336,142624,199.22,485,908,88.7,4,0,1,0.152,0.0,-58.2796,21.9427
337,142688,258.0,267,993,97.0,5,0,1,0.158,0.0,0.0,0.0
338,142816,6.34,16,228,22.3,1,0,1,0.166,0.0,0.0,0.0
339,143480,241.23,600,916,89.5,4,0,0,0.988,0.0,-58.6766,18.1163
340,143664,229.06,600,977,95.4,5,0,0,1.7,0.0,-58.092,21.6779
341,145912,263.18,600,982,95.9,5,0,0,1.362,0.0,-57.493,16.5739
342,146128,213.41,600,940,91.8,4,0,0,0.519,0.0,-57.698,18.0386
343,146288,84.39,600,416,40.6,1,0,0,2.17,0.0,-56.9605,15.0231
344,146296,131.81,600,699,68.3,2,0,0,0.809,0.0,-56.9605,15.0231
345,146968,439.71,105,1024,100.0,6,1,0,0.271,0.0,-57.3841,19.3399
346,147216,47.25,31,497,48.5,1,0,1,0.186,0.0,-57.638,18.9321
347,147424,158.1,600,793,77.4,3,0,0,1.221,0.0,-57.638,18.9321
348,147616,240.54,600,993,97.0,5,0,0,1.49,0.0,-57.6274,20.0484
349,148280,208.06,600,985,96.2,5,0,0,1.352,0.0,-55.7878,16.2415
350,148464,196.56,600,983,96.0,5,0,0,1.119,0.0,-55.7878,16.2415
351,149136,328.8,107,1010,98.6,5,0,1,0.114,0.0,-57.5624,16.2649
352,149296,290.31,234,980,95.7,5,0,1,0.18,0.0,-55.9827,16.7005
353,149528,229.09,404,824,80.5,3,0,1,0.15,0.0,-57.41,18.4386
354,150384,456.85,107,1024,100.0,6,1,0,0.504,0.0,-56.668,15.9965
355,150712,246.07,600,979,95.6,5,0,0,1.963,0.0,-56.2785,17.931
356,151088,298.35,600,949,92.7,4,0,0,1.544,0.0,-55.9879,17.3889
357,151616,475.45,113,1024,100.0,6,1,0,0.476,0.0,-56.2298,18.4878
358,152016,264.19,600,1014,99.0,5,0,0,1.421,0.0,-56.4596,17.8565
359,152416,265.26,600,920,89.8,4,0,0,0.805,0.0,-56.6348,16.3999
360,153112,249.82,87,933,91.1,4,0,1,0.22,0.0,-55.7602,16.5382
361,153264,220.86,600,980,95.7,5,0,0,0.743,0.0,0.0,0.0
362,153936,219.4,600,994,97.1,5,0,0,1.503,0.0,-55.5878,18.0929
363,154096,248.43,600,1009,98.5,5,0,0,1.32,0.0,-55.5878,18.0929
364,155184,266.57,600,847,82.7,4,0,0,0.684,0.0,-54.5254,17.9379
365,155888,234.65,600,991,96.8,5,0,0,1.134,0.0,-55.0524,17.3297
366,156416,207.1,600,970,94.7,4,0,0,0.377,0.0,-53.5848,15.2175
367,156816,201.59,600,843,82.3,4,0,0,0.457,0.0,-54.8495,16.7607
368,157200,270.82,492,871,85.1,4,0,1,0.185,0.0,-54.7467,19.4422
369,157912,208.14,600,950,92.8,3,0,0,0.676,0.0,-53.8168,16.5972
370,158736,280.27,600,1010,98.6,5,0,0,1.266,0.0,-53.2108,16.9349
371,158896,308.85,600,882,86.1,4,0,0,0.902,0.0,-53.2108,16.9349
372,159984,254.76,600,941,91.9,4,0,0,0.51,0.0,-53.1954,17.851
373,160688,195.73,600,825,80.6,3,0,0,1.141,0.0,-52.9213,17.8125
374,161216,175.97,600,945,92.3,4,0,0,1.485,0.0,-52.8753,19.3764
375,161504,253.79,326,900,87.9,4,0,1,0.205,0.0,-52.6687,14.8249
376,161616,221.18,600,1000,97.7,5,0,0,2.091,0.0,-52.0042,19.1191
377,161672,-3.63,21,196,19.1,1,0,1,0.082,0.0,0.0,0.0
378,162000,176.4,600,837,81.7,3,0,0,1.236,0.0,-52.7019,16.7892
379,162712,177.5,600,845,82.5,4,0,0,2.314,0.0,-52.7505,16.4299
380,163536,142.87,600,839,81.9,4,0,0,2.486,0.0,-52.4329,19.635
381,163752,484.69,130,1024,100.0,6,1,0,1.335,0.0,-52.2916,15.9123
382,163792,246.98,322,969,94.6,4,0,1,0.201,0.0,-52.2916,15.9123
383,164256,206.89,446,960,93.8,4,0,1,0.164,0.0,-52.3754,18.7289
384,164544,459.78,126,1020,99.6,6,1,0,1.54,0.0,-51.754,16.403
385,164784,257.33,600,1000,97.7,5,0,0,1.43,0.0,-51.8891,17.4106
386,165680,465.69,112,1023,99.9,6,1,0,0.569,0.0,-52.5345,18.9499
387,166416,191.16,600,988,96.5,5,0,0,2.176,0.0,-51.4164,17.3484
388,166472,194.69,600,989,96.6,5,0,0,1.803,0.0,-51.4164,17.3484
389,166800,316.62,600,945,92.3,4,0,0,2.247,0.0,-52.2658,18.3472
390,168552,143.03,600,762,74.4,3,0,0,1.671,0.0,-50.2242,19.1067
391,168592,153.41,600,771,75.3,3,0,0,1.571,0.0,-50.2242,19.1067
392,169056,184.79,600,775,75.7,3,0,0,1.024,0.0,-50.8797,16.2165
393,169344,139.83,600,758,74.0,3,0,0,1.391,0.0,-51.6745,17.9658
394,170480,180.93,600,965,94.2,4,0,0,1.528,0.0,-50.4446,16.5997
395,170712,225.26,265,994,97.1,5,0,1,0.152,0.0,-50.2719,16.5457
396,171216,225.12,600,845,82.5,4,0,0,0.486,0.0,-50.066,16.6596
397,171272,210.98,600,944,92.2,5,0,0,1.777,0.0,-50.6002,17.6922
398,171600,70.75,600,536,52.3,2,0,0,1.331,0.0,-50.256,17.6834
399,172576,252.88,262,992,96.9,5,0,1,0.142,0.0,-50.196,17.0723
400,172576,460.42,122,1023,99.9,6,1,0,1.376,0.0,-50.196,17.0723
401,173352,218.63,600,956,93.4,5,0,0,1.026,0.0,-50.6311,16.9038
402,173856,231.64,600,937,91.5,4,0,0,1.094,0.0,-50.1718,18.7733
403,174144,235.53,600,935,91.3,5,0,0,1.868,0.0,-49.6502,17.0708
404,175488,253.46,267,931,90.9,4,0,1,0.193,0.0,-49.8729,16.8218
405,175512,195.11,600,858,83.8,4,0,0,1.324,0.0,0.0,0.0
406,176016,272.11,600,879,85.8,3,0,0,0.55,0.0,-48.1992,15.4424
407,176072,202.27,600,998,97.5,5,0,0,0.673,0.0,-48.1992,15.4424
408,176592,486.71,135,1019,99.5,6,1,0,1.599,0.0,-48.5809,17.6655
409,176640,223.37,312,996,97.3,5,0,1,0.159,0.0,0.0,0.0
410,177112,504.93,137,1019,99.5,6,1,0,1.844,0.0,-49.2028,16.9492
411,177376,33.0,600,514,50.2,2,0,0,1.63,0.0,-49.149,16.7382
412,177376,214.85,600,994,97.1,5,0,0,0.405,0.0,-49.149,16.7382
413,177560,460.14,115,1024,100.0,6,1,0,0.548,0.0,-48.7373,17.9169
414,177616,454.43,128,1019,99.5,6,1,0,1.424,0.0,-48.7373,17.9169
415,178040,463.34,116,1023,99.9,6,1,0,0.42,0.0,-50.0527,15.5834
416,178528,451.96,121,1022,99.8,6,1,0,1.466,0.0,-48.7035,15.7
417,178656,288.19,600,914,89.3,4,0,0,1.215,0.0,0.0,0.0
418,180288,169.8,600,959,93.7,4,0,0,1.229,0.0,-48.7641,15.3354
419,180872,216.46,600,1003,97.9,5,0,0,1.258,0.0,-48.9626,17.2693
420,181288,478.31,125,1024,100.0,6,1,0,0.703,0.0,-48.3187,13.6867
421,182040,419.38,553,1024,100.0,5,0,1,0.181,0.0,-48.294,18.5815
422,182176,273.97,600,897,87.6,4,0,0,1.498,0.0,-48.294,18.5815
423,182176,269.22,600,905,88.4,3,0,0,1.061,0.0,-48.294,18.5815
424,182840,209.23,600,995,97.2,5,0,0,1.701,0.0,-48.4022,14.8714
425,183328,176.74,600,937,91.5,4,0,0,1.35,0.0,-47.9527,13.6982
426,183456,298.77,600,979,95.6,4,0,0,1.39,0.0,-47.9527,13.6982
427,184000,496.89,145,1020,99.6,6,1,0,1.775,0.0,-48.0362,17.1028
428,184360,470.35,129,1024,100.0,6,1,0,0.454,0.0,-47.5047,14.9516
429,184872,448.1,109,1024,100.0,6,1,0,0.448,0.0,-47.6775,15.1019
430,185672,338.47,600,1007,98.3,5,0,0,0.572,0.0,-47.5201,15.4649
431,186088,254.79,600,898,87.7,4,0,0,0.653,0.0,-47.072,16.6351
432,186800,472.7,141,1019,99.5,6,1,0,1.678,0.0,-46.7455,17.4997
433,186840,189.43,600,762,74.4,2,0,0,1.45,0.0,0.0,0.0
434,186976,333.25,600,952,93.0,5,0,0,1.029,0.0,-46.6531,14.8176
435,186976,156.6,600,845,82.5,4,0,0,0.584,0.0,-46.6531,14.8176
436,187760,486.93,120,1024,100.0,6,1,0,0.452,0.0,-46.778,15.9576
437,188048,302.43,134,944,92.2,5,0,1,0.137,0.0,-46.4969,14.4442
438,188256,248.86,600,900,87.9,4,0,0,1.261,0.0,-46.2819,16.9066
439,189072,491.6,128,1023,99.9,6,1,0,0.521,0.0,-46.9256,19.3088
440,189160,149.81,600,928,90.6,4,0,0,0.981,0.0,-46.9256,19.3088
441,189328,287.29,134,939,91.7,5,0,1,0.119,0.0,-46.3973,16.0034
442,189672,158.13,600,780,76.2,3,0,0,1.084,0.0,-46.829,16.7936
443,190024,248.91,381,946,92.4,5,0,1,0.136,0.0,-47.1131,17.3542
444,190208,486.95,131,1019,99.5,6,1,0,1.315,0.0,-47.1131,17.3542
445,190800,506.85,141,1019,99.5,6,1,0,1.667,0.0,-46.8376,16.4706
446,190888,202.24,600,997,97.4,5,0,0,0.905,0.0,-46.8376,16.4706
447,191264,483.77,132,1018,99.4,6,1,0,1.668,0.0,-45.9904,14.5507
448,191640,278.84,600,952,93.0,4,0,0,1.696,0.0,-46.4048,16.3825
449,191888,533.8,136,1024,100.0,6,1,0,0.751,0.0,-46.5251,18.5568
450,192560,298.22,600,941,91.9,4,0,0,0.614,0.0,-45.9532,15.7856
451,193640,232.02,344,992,96.9,5,0,1,0.205,0.0,-46.037,17.2782
452,193872,262.93,600,927,90.5,4,0,0,1.13,0.0,-46.1797,18.4442
453,194096,202.21,509,991,96.8,5,0,1,0.215,0.0,-45.5223,14.9537
454,194128,229.15,600,920,89.8,4,0,0,0.861,0.0,-45.5223,14.9537
455,194224,262.39,323,946,92.4,5,0,1,0.181,0.0,-45.5223,14.9537
456,194784,355.7,114,1005,98.1,5,0,1,0.14,0.0,-45.0613,16.883
457,196064,213.0,600,950,92.8,4,0,0,1.585,0.0,-45.6978,14.6718
458,196688,232.35,600,948,92.6,4,0,0,1.766,0.0,-44.2316,15.0652
459,197360,282.08,600,958,93.6,5,0,0,0.283,0.0,-45.1439,14.7892
460,197704,513.41,127,1024,100.0,6,1,0,0.312,0.0,-44.3789,14.5328
461,198344,461.07,123,1023,99.9,6,1,0,1.822,0.0,-44.3795,18.37
462,198440,182.58,600,814,79.5,3,0,0,1.467,0.0,-43.6949,17.9496
463,198896,189.04,600,848,82.8,3,0,0,1.966,0.0,-44.607,14.6649
464,198928,259.58,600,915,89.4,5,0,0,1.116,0.0,-44.3097,13.1109
465,199024,194.04,600,940,91.8,4,0,0,1.411,0.0,0.0,0.0
466,199584,179.07,600,931,90.9,4,0,0,0.647,0.0,-44.4331,17.2679
467,199864,492.66,121,1023,99.9,6,1,0,0.313,0.0,-44.5556,15.7529
468,200096,494.99,134,1024,100.0,6,1,0,0.342,0.0,-43.3611,15.4727
