time/time_elapsed,time/episodes,rollout/ep_rew_mean,rollout/ep_len_mean,time/total_timesteps,time/fps,train/n_updates,train/critic_loss,train/ent_coef_loss,train/ent_coef,train/actor_loss,train/learning_rate
1,4,56.2813345,180.25,2960,2575,,,,,,
1,8,27.331486374999997,227.5,4496,2618,,,,,,
1,12,47.611027538461535,287.53846153846155,4800,2608,,,,,,
2,16,41.770207187500006,276.6875,5296,2606,,,,,,
2,20,32.29072955,257.6,7480,2591,,,,,,
3,24,34.520985708333335,287.7083333333333,8592,2598,,,,,,
3,28,23.745066607142856,308.25,9968,2610,,,,,,
6,32,26.8016341875,291.59375,10736,1758,64,6.348040044307709,-0.024023006670176983,0.9952550567686558,-3.0480929389595985,0.0001
7,36,31.548918222222216,282.05555555555554,11096,1416,128,6.540707882493734,-0.05636297375895083,0.9888990130275488,-5.579368993639946,0.0001
11,40,34.61400775,282.0,12064,1085,256,5.930408092215657,-0.12097492185421288,0.976318197324872,-9.879159659147263,0.0001
16,44,35.965006136363634,274.5681818181818,13624,822,448,8.451597068458796,-0.2177886231802404,0.9577580243349075,-16.724283695220947,0.0001
17,48,37.479992687499994,267.1666666666667,14064,795,480,9.342338152229786,-0.2336863544769585,0.9546989165246487,-17.870647132396698,0.0001
25,52,37.42744923076923,270.15384615384613,16176,624,768,12.569200873374939,-0.3785234373062849,0.9276050869375467,-27.932073056697845,0.0001
33,56,47.589327017857144,285.26785714285717,18016,533,992,11.683481652289629,-0.4897254891693592,0.9071088749915361,-35.39332056045532,0.0001
35,60,50.231754300000006,286.7,18424,524,1024,9.490387607365847,-0.5043886732310057,0.9042219650000334,-36.57100594043732,0.0001
43,64,56.395427640625,289.390625,20408,474,1280,12.60862835124135,-0.6229667514562607,0.8815770521759987,-44.87798094749451,0.0001
51,68,66.87755098529412,300.72058823529414,22872,448,1600,14.172263137996197,-0.7590606566518545,0.8544328045099974,-55.97741460800171,0.0001
55,72,79.27256320833332,309.4861111111111,24016,436,1728,20.03574961423874,-0.8110570926219225,0.8439182695001364,-59.93869936466217,0.0001
61,76,84.10895236842104,314.3157894736842,25776,422,1952,13.847915560007095,-0.899826917797327,0.8259335719048977,-67.35246753692627,0.0001
69,80,96.06290295,328.6,28256,409,2272,19.474842697381973,-1.0271978173404932,0.8009573556482792,-77.03745293617249,0.0001
75,84,103.96717960714287,341.5238095238095,30576,405,2560,15.116041108965874,-1.134474191814661,0.7791835740208626,-85.14876317977905,0.0001
81,88,107.13961523863637,347.09090909090907,32920,402,2848,15.594804614782333,-1.245432946830988,0.7580090444535017,-92.56994891166687,0.0001
88,92,114.33978480434781,358.0869565217391,35240,398,3136,20.553123772144318,-1.3451375886797905,0.7374137658625841,-98.8622260093689,0.0001
90,96,117.47574597916666,356.25,35832,395,3200,16.338872984051704,-1.3716691248118877,0.732919130474329,-100.33621859550476,0.0001
99,100,127.45835667,366.0,38416,386,3552,16.96032363176346,-1.4925504922866821,0.708706047385931,-107.59092807769775,0.0001
106,104,135.33320228,377.07,40624,379,3808,16.479938119649887,-1.581287618726492,0.6916241738945246,-112.45198726654053,0.0001
112,108,143.80394212,384.69,42520,377,4064,19.159690275788307,-1.6633935309946537,0.6749909967184067,-116.65335488319397,0.0001
117,112,151.28483021,389.75,44296,377,4288,21.850067377090454,-1.7167537957429886,0.6608090121299028,-120.11501622200012,0.0001
123,116,163.39171969,400.86,46816,379,4576,20.65502440929413,-1.803729698061943,0.6430208869278431,-124.1894965171814,0.0001
127,120,173.67886799,411.9,48440,379,4800,20.957124158740044,-1.8806749247014523,0.6295425835996866,-126.856849193573,0.0001
132,124,179.05689269,418.37,50352,379,5024,21.262867629528046,-1.9346417598426342,0.6162769328802824,-129.1048526763916,0.0001
140,128,189.33888130999995,419.41,52496,374,5312,21.49606916308403,-2.0266878604888916,0.5996236633509398,-130.55769276618958,0.0001
143,132,191.25511039,424.88,53896,374,5472,23.996192783117294,-2.0635409392416477,0.5905552636831999,-131.29499626159668,0.0001
151,136,200.34194652999997,440.65,56416,372,5792,21.441237598657608,-2.1955946683883667,0.5726672597229481,-132.95641231536865,0.0001
157,140,206.65268358,453.39,58696,372,6080,24.818193942308426,-2.28943183273077,0.5569200441241264,-133.3362579345703,0.0001
161,144,213.87288554,463.7,60208,372,6272,20.680607080459595,-2.372495375573635,0.5466117672622204,-133.9399390220642,0.0001
168,148,216.41909175,480.27,62840,373,6592,20.774012714624405,-2.4563213139772415,0.5298791714012623,-134.1273956298828,0.0001
173,152,220.17921464,492.03,65008,374,6848,22.653760462999344,-2.596148744225502,0.5167429316788912,-134.38124990463257,0.0001
181,156,226.5561911,496.76,67640,372,7200,25.253785580396652,-2.7216349095106125,0.49909037817269564,-132.42605018615723,0.0001
187,160,232.14733843999994,508.49,69808,372,7456,19.65360850095749,-2.857458673417568,0.48654600884765387,-131.75927114486694,0.0001
193,164,233.00243163999997,514.29,72112,372,7744,26.21298798918724,-2.987202651798725,0.4726956132799387,-130.37392663955688,0.0001
195,168,225.45875892000004,501.77,72632,372,7808,21.956379503011703,-3.0154974833130836,0.4696689788252115,-129.80482411384583,0.0001
200,172,227.16084031999998,507.43,74608,372,8064,25.749908566474915,-3.104457437992096,0.4578170143067837,-128.80837440490723,0.0001
207,176,228.58544761999997,515.38,77432,372,8416,23.254391491413116,-3.174353063106537,0.44197788275778294,-127.05409812927246,0.0001
211,180,219.78371337000002,504.59,79024,373,8608,23.220324754714966,-3.2764832451939583,0.43365657702088356,-125.39278078079224,0.0001
215,184,216.39903111000004,499.25,80416,372,8800,23.65563067793846,-3.346149265766144,0.4254590105265379,-124.46456384658813,0.0001
221,188,214.43445043,499.37,82632,373,9056,24.151194095611572,-3.3439349830150604,0.4149473374709487,-123.34020686149597,0.0001
224,192,209.16609215,493.55,83832,373,9216,24.16696859896183,-3.4698015972971916,0.4085535556077957,-122.02811789512634,0.0001
231,196,207.41215461,499.24,86512,374,9536,28.72403433918953,-3.390508934855461,0.39616256579756737,-120.74653172492981,0.0001
237,200,198.43485212999997,499.24,88624,373,9824,24.089670777320862,-3.5227390602231026,0.385411842726171,-118.92359018325806,0.0001
241,204,197.36207938000004,499.24,90016,373,9984,24.0238216817379,-3.6144679337739944,0.37948835268616676,-118.88589644432068,0.0001
247,208,191.91552367000003,499.68,92376,372,10272,25.642653435468674,-3.601219668984413,0.3689381368458271,-116.9221625328064,0.0001
255,212,188.25964897000003,505.44,94816,370,10592,23.248603105545044,-3.646392323076725,0.3577501783147454,-115.13670015335083,0.0001
262,216,179.40978667000002,505.44,97176,370,10880,24.78283140063286,-3.7196517288684845,0.34787952806800604,-114.40602421760559,0.0001
269,220,179.50103347999996,511.15,99616,369,11200,23.89883828163147,-3.8593744412064552,0.3373240800574422,-112.6765284538269,0.0001
276,224,176.52938843,511.15,101976,369,11488,23.222302585840225,-3.7662361189723015,0.3281913800165057,-112.0618622303009,0.0001
282,228,172.6049547,516.85,104416,369,11776,22.521500796079636,-3.7527271509170532,0.31943704187870026,-111.17076706886292,0.0001
288,232,173.07877109,528.38,106776,369,12096,23.20751056075096,-3.753362439572811,0.3100842582061887,-110.35154008865356,0.0001
292,236,166.74287892,522.83,108192,370,12256,22.872396051883698,-3.7386109828948975,0.30553888715803623,-110.04802203178406,0.0001
300,240,162.92779284,522.83,111032,369,12608,23.59740909934044,-3.7519416436553,0.29574448615312576,-109.17845892906189,0.0001
306,244,159.67549262,528.51,112992,368,12864,20.616276741027832,-3.787554182112217,0.28881491534411907,-108.43553853034973,0.0001
315,248,159.82610510000004,523.35,115312,365,13152,20.047287553548813,-3.88052074611187,0.28110176883637905,-108.0570170879364,0.0001
320,252,158.83179227000002,514.45,116376,363,13280,21.04257580637932,-3.8780941516160965,0.27772252820432186,-107.57677054405212,0.0001
330,256,155.72239272,514.45,119600,361,13696,21.279458701610565,-3.9303766265511513,0.2669941894710064,-106.93241858482361,0.0001
336,260,153.76954776,514.45,121176,360,13888,20.22054749727249,-4.011727578938007,0.2621038584038615,-106.41835117340088,0.0001
341,264,157.42466770000001,515.61,122896,359,14112,21.877956211566925,-4.082689754664898,0.2565127704292536,-105.43902111053467,0.0001
348,268,163.10705003,528.41,125432,360,14400,21.263598293066025,-4.0856800228357315,0.24945061700418591,-105.26171636581421,0.0001
353,272,153.59745779,528.41,127696,360,14688,20.128702372312546,-4.134285613894463,0.2426554849371314,-104.4681351184845,0.0001
360,276,154.96816148999997,528.41,130232,361,15008,21.30826860666275,-4.181444875895977,0.23524107737466693,-103.95624709129333,0.0001
366,280,158.52127182,539.2,132496,361,15296,20.055315881967545,-4.310415968298912,0.2287405333481729,-103.4312641620636,0.0001
372,284,161.10893239000004,543.75,134512,361,15552,16.50259430706501,-4.2497818171978,0.22314847260713577,-102.41237545013428,0.0001
379,288,166.98140727999998,548.55,137296,362,15904,18.685691341757774,-3.976380378007889,0.21585142193362117,-101.14078187942505,0.0001
384,292,169.46366028999998,549.51,139200,362,16128,15.437422901391983,-3.9754729196429253,0.21148388972505927,-100.85064840316772,0.0001
393,296,168.75123992000002,555.26,142096,360,16512,18.703586921095848,-3.9074528962373734,0.20420950278639793,-100.25698781013489,0.0001
401,300,170.0525305,555.26,144000,358,16736,17.356639608740807,-3.9607129618525505,0.20007389364764094,-100.29921627044678,0.0001
412,304,167.84148818000003,560.51,146896,356,17088,18.910811230540276,-3.88044835627079,0.19376059249043465,-99.05563545227051,0.0001
420,308,171.45681139,565.46,148800,354,17344,14.378777116537094,-3.94936540722847,0.1892285724170506,-98.65894508361816,0.0001
429,312,169.3382515,565.46,151696,353,17696,16.576427415013313,-4.072762541472912,0.18308497546240687,-97.60138368606567,0.0001
435,316,170.38546656,565.46,153600,352,17920,14.209357425570488,-4.089760832488537,0.17920159921050072,-97.58681392669678,0.0001
446,320,166.96596595000003,565.46,156496,350,18304,14.753885835409164,-4.255390293896198,0.1726802815683186,-96.34330153465271,0.0001
451,324,169.99650561000007,564.23,158000,350,18496,15.689848691225052,-4.110878311097622,0.1695450902916491,-95.30111980438232,0.0001
462,328,172.47095937000003,564.23,161296,349,18912,14.096788495779037,-4.2477452754974365,0.16289163939654827,-93.70446872711182,0.0001
466,332,178.22073734999998,564.23,162800,349,19072,13.528348624706268,-4.262573212385178,0.16038463730365038,-92.77149677276611,0.0001
473,336,180.08301625999997,565.05,164824,348,19328,14.24518895149231,-4.0128099992871284,0.15657113399356604,-91.2734546661377,0.0001
482,340,178.79521562999997,565.05,167600,347,19680,15.42048342525959,-4.188961386680603,0.15138529613614082,-90.02165031433105,0.0001
488,344,176.91884614000003,565.05,169624,347,19936,13.969253942370415,-4.138530321419239,0.14764797827228904,-88.36338710784912,0.0001
497,348,183.18040907,569.46,172040,345,20256,14.345914363861084,-3.8103399500250816,0.1432953984476626,-87.08017563819885,0.0001
503,352,185.42042867000004,577.22,173976,345,20480,14.767338126897812,-3.7843238785862923,0.14069178886711597,-86.8317608833313,0.0001
510,356,180.53588605000004,567.32,176112,345,20736,13.797884240746498,-2.954387202858925,0.1378791257739067,-86.09420537948608,0.0001
515,360,182.37572666999998,562.21,177696,344,20960,16.36654831469059,-2.8438533172011375,0.13560449052602053,-86.56799650192261,0.0001
519,364,180.11009329999996,559.42,179368,345,21152,16.27848970890045,-2.822704181075096,0.1335557852871716,-86.17442846298218,0.0001
523,368,182.35189013000002,551.59,180496,344,21312,13.992034777998924,-2.9234395250678062,0.13191886292770505,-86.30973100662231,0.0001
533,372,189.42830198,551.59,184168,345,21760,14.40808267891407,-2.906521715223789,0.12743875291198492,-86.05564594268799,0.0001
536,376,192.23172607000004,551.59,185296,345,21888,15.196432456374168,-2.8940911889076233,0.126080933958292,-85.7267758846283,0.0001
541,380,194.72192935000004,545.85,187296,345,22144,13.871761783957481,-2.920119784772396,0.12345227599143982,-85.6544337272644,0.0001
547,384,197.15330342000001,546.64,189400,345,22400,12.289318859577179,-3.008993774652481,0.1206360321957618,-84.5225305557251,0.0001
557,388,191.47404805000002,547.16,192096,344,22752,11.966669619083405,-3.2611937820911407,0.11677806777879596,-83.01458859443665,0.0001
563,392,188.02680703,552.02,194200,344,23008,12.608313798904419,-3.8616717159748077,0.11382512329146266,-81.90727996826172,0.0001
571,396,189.90817790999998,552.02,196896,344,23360,12.689096823334694,-3.9581730514764786,0.1097406551707536,-79.96036553382874,0.0001
577,400,187.61375753000002,552.02,199000,344,23616,12.529568284749985,-3.883617013692856,0.10675111459568143,-78.93726658821106,0.0001
