policy,seed,episode,ep_return,steps,explored_voxels,coverage_pct,visited_rooms,success,crashed
random,7,1,-27.27,342,411,40.14,1,0,1
random,7,2,2.51,600,406,39.65,1,0,0
random,7,3,104.22,600,490,47.85,1,0,0
random,7,4,175.9,600,538,52.54,1,0,0
random,7,5,49.07,600,479,46.78,1,0,0
random,7,6,95.79,223,528,51.56,1,0,1
random,7,7,-5.61,35,194,18.95,1,0,1
random,7,8,-34.35,83,262,25.59,1,0,1
random,7,9,18.5,314,407,39.75,1,0,1
random,7,10,65.1,600,462,45.12,1,0,0
random,7,11,73.43,600,442,43.16,1,0,0
random,7,12,132.57,600,536,52.34,2,0,0
random,7,13,168.4,600,480,46.88,1,0,0
random,7,14,89.67,450,511,49.9,1,0,1
random,7,15,231.47,600,625,61.04,1,0,0
random,7,16,153.31,463,550,53.71,2,0,1
random,7,17,-74.1,264,263,25.68,1,0,1
random,7,18,-51.62,193,272,26.56,1,0,1
random,7,19,-11.96,120,211,20.61,1,0,1
random,7,20,-30.14,158,196,19.14,1,0,1
random,13,1,24.19,69,365,35.64,1,0,1
random,13,2,-64.7,431,277,27.05,1,0,1
random,13,3,49.94,290,451,44.04,1,0,1
random,13,4,152.53,235,517,50.49,1,0,1
random,13,5,61.16,158,501,48.93,1,0,1
random,13,6,-20.15,142,200,19.53,1,0,1
random,13,7,-7.76,30,203,19.82,1,0,1
random,13,8,21.62,113,215,21.0,1,0,1
random,13,9,43.9,237,428,41.8,1,0,1
random,13,10,237.9,600,505,49.32,1,0,0
random,13,11,219.3,600,568,55.47,2,0,0
random,13,12,5.7,73,201,19.63,1,0,1
random,13,13,-10.47,46,193,18.85,1,0,1
random,13,14,-18.21,156,429,41.89,1,0,1
random,13,15,-60.39,453,287,28.03,1,0,1
random,13,16,-19.08,160,193,18.85,1,0,1
random,13,17,19.7,600,321,31.35,1,0,0
random,13,18,26.45,169,421,41.11,1,0,1
random,13,19,17.24,61,399,38.96,1,0,1
random,13,20,39.32,129,403,39.36,1,0,1
random,42,1,28.85,344,433,42.29,1,0,1
random,42,2,148.6,600,527,51.46,1,0,0
random,42,3,57.53,201,501,48.93,1,0,1
random,42,4,107.48,455,555,54.2,1,0,1
random,42,5,9.94,167,487,47.56,1,0,1
random,42,6,164.26,544,533,52.05,2,0,1
random,42,7,42.28,600,506,49.41,1,0,0
random,42,8,141.8,214,505,49.32,2,0,1
random,42,9,135.32,311,507,49.51,1,0,1
random,42,10,-20.68,68,352,34.38,1,0,1
random,42,11,169.44,600,542,52.93,1,0,0
random,42,12,158.4,600,374,36.52,1,0,0
random,42,13,-55.7,227,269,26.27,1,0,1
random,42,14,153.67,600,571,55.76,1,0,0
random,42,15,-53.07,283,277,27.05,1,0,1
random,42,16,74.6,600,539,52.64,1,0,0
random,42,17,0.13,127,431,42.09,1,0,1
random,42,18,132.61,296,569,55.57,2,0,1
random,42,19,133.79,390,538,52.54,1,0,1
random,42,20,93.24,305,514,50.2,1,0,1
random,123,1,-14.84,65,362,35.35,1,0,1
random,123,2,-19.84,79,381,37.21,1,0,1
random,123,3,49.06,303,431,42.09,1,0,1
random,123,4,-12.72,103,419,40.92,1,0,1
random,123,5,121.2,600,367,35.84,1,0,0
random,123,6,34.43,85,463,45.21,1,0,1
random,123,7,24.45,285,470,45.9,1,0,1
random,123,8,-29.01,600,291,28.42,1,0,0
random,123,9,147.94,600,450,43.95,1,0,0
random,123,10,54.79,156,478,46.68,1,0,1
random,123,11,48.85,262,443,43.26,1,0,1
random,123,12,128.13,558,525,51.27,1,0,1
random,123,13,199.1,600,611,59.67,1,0,0
random,123,14,24.57,150,211,20.61,1,0,1
random,123,15,25.05,111,221,21.58,1,0,1
random,123,16,23.45,63,228,22.27,1,0,1
random,123,17,-21.88,124,358,34.96,1,0,1
random,123,18,1.58,116,437,42.68,1,0,1
random,123,19,137.93,600,456,44.53,1,0,0
random,123,20,4.98,201,221,21.58,1,0,1
random,2025,1,19.49,118,296,28.91,1,0,1
random,2025,2,-7.38,226,418,40.82,1,0,1
random,2025,3,-2.92,120,204,19.92,1,0,1
random,2025,4,-67.66,342,416,40.62,1,0,1
random,2025,5,61.24,95,422,41.21,1,0,1
random,2025,6,-50.86,600,200,19.53,1,0,0
random,2025,7,19.48,113,291,28.42,1,0,1
random,2025,8,109.91,452,531,51.86,1,0,1
random,2025,9,-14.83,278,207,20.21,1,0,1
random,2025,10,-45.0,366,434,42.38,1,0,1
random,2025,11,-9.29,277,428,41.8,1,0,1
random,2025,12,35.8,212,393,38.38,1,0,1
random,2025,13,-10.41,28,176,17.19,1,0,1
random,2025,14,55.64,600,320,31.25,1,0,0
random,2025,15,-13.75,30,183,17.87,1,0,1
random,2025,16,6.34,600,307,29.98,1,0,0
random,2025,17,69.27,485,341,33.3,1,0,1
random,2025,18,128.34,600,525,51.27,2,0,0
random,2025,19,4.74,26,184,17.97,1,0,1
random,2025,20,198.88,600,600,58.59,1,0,0
heuristic,7,1,312.55,155,851,83.11,3,0,1
heuristic,7,2,496.39,600,1021,99.71,5,0,0
heuristic,7,3,453.62,600,1024,100.0,5,0,0
heuristic,7,4,304.62,220,863,84.28,3,0,1
heuristic,7,5,390.79,600,940,91.8,5,0,0
heuristic,7,6,394.86,600,997,97.36,5,0,0
heuristic,7,7,63.77,96,247,24.12,1,0,1
heuristic,7,8,575.93,600,1024,100.0,5,0,0
heuristic,7,9,519.13,600,1007,98.34,5,0,0
heuristic,7,10,430.17,448,929,90.72,5,0,1
heuristic,7,11,455.15,216,924,90.23,4,0,1
heuristic,7,12,675.99,380,1024,100.0,6,1,0
heuristic,7,13,470.95,600,1014,99.02,5,0,0
heuristic,7,14,297.59,556,909,88.77,4,0,1
heuristic,7,15,395.99,600,932,91.02,5,0,0
heuristic,7,16,2.58,17,447,43.65,1,0,1
heuristic,7,17,754.42,328,1020,99.61,6,1,0
heuristic,7,18,662.23,483,1020,99.61,6,1,0
heuristic,7,19,805.29,575,1024,100.0,6,1,0
heuristic,7,20,-3.22,72,204,19.92,1,0,1
heuristic,13,1,442.09,207,932,91.02,4,0,1
heuristic,13,2,394.89,600,845,82.52,4,0,0
heuristic,13,3,618.88,348,1024,100.0,6,1,0
heuristic,13,4,697.82,575,1024,100.0,6,1,0
heuristic,13,5,347.2,600,955,93.26,4,0,0
heuristic,13,6,44.38,49,250,24.41,1,0,1
heuristic,13,7,-7.57,29,197,19.24,1,0,1
heuristic,13,8,-20.03,69,172,16.8,1,0,1
heuristic,13,9,423.65,210,945,92.29,4,0,1
heuristic,13,10,460.71,600,987,96.39,5,0,0
heuristic,13,11,744.1,377,1023,99.9,6,1,0
heuristic,13,12,-12.92,111,175,17.09,1,0,1
heuristic,13,13,602.49,600,958,93.55,5,0,0
heuristic,13,14,275.89,600,830,81.05,3,0,0
heuristic,13,15,585.86,600,1023,99.9,5,0,0
heuristic,13,16,3.71,148,201,19.63,1,0,1
heuristic,13,17,316.56,600,831,81.15,3,0,0
heuristic,13,18,260.4,600,730,71.29,3,0,0
heuristic,13,19,445.98,191,973,95.02,4,0,1
heuristic,13,20,538.31,600,1021,99.71,5,0,0
heuristic,42,1,522.09,600,1008,98.44,5,0,0
heuristic,42,2,376.19,449,939,91.7,4,0,1
heuristic,42,3,301.28,600,800,78.12,3,0,0
heuristic,42,4,336.38,426,986,96.29,4,0,1
heuristic,42,5,534.75,600,1019,99.51,5,0,0
heuristic,42,6,709.78,375,1022,99.8,6,1,0
heuristic,42,7,462.8,600,996,97.27,5,0,0
heuristic,42,8,511.39,354,974,95.12,5,0,1
heuristic,42,9,649.03,379,1023,99.9,6,1,0
heuristic,42,10,449.16,600,996,97.27,5,0,0
heuristic,42,11,412.86,600,999,97.56,5,0,0
heuristic,42,12,379.45,600,829,80.96,3,0,0
heuristic,42,13,642.37,492,1023,99.9,6,1,0
heuristic,42,14,376.2,600,932,91.02,5,0,0
heuristic,42,15,677.52,328,1023,99.9,6,1,0
heuristic,42,16,451.92,600,987,96.39,5,0,0
heuristic,42,17,648.26,374,1024,100.0,6,1,0
heuristic,42,18,-14.67,11,397,38.77,1,0,1
heuristic,42,19,521.11,600,1021,99.71,5,0,0
heuristic,42,20,-8.74,12,436,42.58,1,0,1
heuristic,123,1,494.7,600,1005,98.14,5,0,0
heuristic,123,2,521.15,600,1024,100.0,5,0,0
heuristic,123,3,470.09,219,922,90.04,4,0,1
heuristic,123,4,718.57,377,1024,100.0,6,1,0
heuristic,123,5,756.79,335,1020,99.61,6,1,0
heuristic,123,6,701.36,373,1023,99.9,6,1,0
heuristic,123,7,253.08,449,854,83.4,4,0,1
heuristic,123,8,610.66,449,1021,99.71,5,0,1
heuristic,123,9,478.72,600,992,96.88,5,0,0
heuristic,123,10,2.46,18,430,41.99,1,0,1
heuristic,123,11,417.72,489,954,93.16,5,0,1
heuristic,123,12,351.53,222,919,89.75,4,0,1
heuristic,123,13,563.32,600,1017,99.32,5,0,0
heuristic,123,14,323.85,222,583,56.93,3,0,1
heuristic,123,15,1.59,154,187,18.26,1,0,1
heuristic,123,16,4.16,29,195,19.04,1,0,1
heuristic,123,17,462.8,600,989,96.58,5,0,0
heuristic,123,18,377.76,486,930,90.82,5,0,1
heuristic,123,19,437.93,216,918,89.65,4,0,1
heuristic,123,20,-19.84,29,168,16.41,1,0,1
heuristic,2025,1,654.84,448,1023,99.9,5,0,1
heuristic,2025,2,409.02,452,942,91.99,5,0,1
heuristic,2025,3,-21.36,113,173,16.89,1,0,1
heuristic,2025,4,385.84,600,893,87.21,5,0,0
heuristic,2025,5,441.96,180,950,92.77,4,0,1
heuristic,2025,6,-4.94,73,175,17.09,1,0,1
heuristic,2025,7,529.15,264,877,85.64,4,0,1
heuristic,2025,8,716.78,374,1024,100.0,6,1,0
heuristic,2025,9,35.88,68,223,21.78,1,0,1
heuristic,2025,10,631.29,523,1021,99.71,6,1,0
heuristic,2025,11,375.66,447,931,90.92,5,0,1
heuristic,2025,12,483.34,600,994,97.07,5,0,0
heuristic,2025,13,-23.05,30,167,16.31,1,0,1
heuristic,2025,14,763.33,330,1019,99.51,6,1,0
heuristic,2025,15,-19.29,70,173,16.89,1,0,1
heuristic,2025,16,775.5,337,1022,99.8,6,1,0
heuristic,2025,17,588.45,600,1023,99.9,5,0,0
heuristic,2025,18,665.48,378,1024,100.0,6,1,0
heuristic,2025,19,-19.56,28,165,16.11,1,0,1
heuristic,2025,20,340.38,332,922,90.04,4,0,1
