episode,timestep,episode_reward,episode_length,visited_rooms,explored_pct
1,197,129.2087,197,1,45.8
2,442,276.7024,245,2,47.46
3,681,199.1869,239,2,49.8
4,709,-26.769,28,1,33.3
5,786,11.8689,77,1,42.68
6,962,277.8886,176,2,72.17
7,1013,-12.7802,51,1,36.82
8,1360,274.7851,347,1,50.0
9,1408,-18.437,48,1,38.96
10,1639,211.6593,231,2,52.34
11,1693,-13.7431,54,1,18.46
12,1807,52.5066,114,1,46.58
13,1935,-1.9593,128,1,40.92
14,2243,129.6891,308,2,46.0
15,2290,-24.0956,47,1,37.79
16,2337,-13.2657,47,1,39.36
17,2399,3.0171,62,1,39.36
18,2463,2.9765,64,1,37.5
19,2485,-9.4823,22,1,17.77
20,2711,166.8099,226,3,53.52
21,2865,191.7206,154,2,52.83
22,2902,10.5975,37,1,20.61
23,3061,53.1596,159,1,48.93
24,3177,57.8071,116,1,45.8
25,3302,10.9312,125,1,40.92
26,3357,-33.0626,55,1,25.0
27,3721,185.1424,364,2,61.72
28,3781,-17.7934,60,1,40.43
29,3847,21.6134,66,1,42.09
30,4160,189.5702,313,2,53.71
31,4238,21.9592,78,1,37.3
32,4302,-11.7503,64,1,39.16
33,4376,-16.9741,74,1,33.89
34,4447,-27.4328,71,1,25.49
35,4548,56.6416,101,1,44.92
36,4605,16.8625,57,1,43.07
37,4689,31.0695,84,1,46.0
38,4711,-19.5081,22,1,32.81
39,4772,-17.3489,61,1,38.09
40,4838,-23.4332,66,1,25.68
41,4949,-32.2941,111,1,26.56
42,4988,-18.1923,39,1,37.7
43,5057,6.0632,69,1,35.64
44,5147,16.1188,90,1,41.11
45,5186,0.2116,39,1,19.73
46,5402,40.8634,216,1,32.03
47,5467,-29.1945,65,1,25.39
48,5580,4.2435,113,1,38.77
49,5724,80.8945,144,1,48.73
50,5755,-10.6003,31,1,17.48
51,5798,-25.7792,43,1,25.29
52,5848,21.9653,50,1,21.97
53,5907,43.8304,59,1,41.41
54,6026,20.4702,119,1,42.68
55,6143,151.69,117,1,59.57
56,6206,0.9876,63,1,39.55
57,6352,166.78,146,1,49.02
58,6482,56.269,130,1,31.35
59,6555,-9.1606,73,1,41.89
60,6619,3.9777,64,1,38.38
61,6663,-11.1295,44,1,31.25
62,6749,-5.2788,86,1,19.14
63,6808,63.9054,59,1,47.07
64,6870,-0.1154,62,1,43.07
65,6919,-14.3195,49,1,18.46
66,7519,372.0967,600,2,69.53
67,7682,-28.7357,163,1,26.56
68,7779,59.9576,97,1,46.0
69,7882,49.1076,103,1,45.51
70,7956,-22.9239,74,1,26.27
71,8002,-14.4072,46,1,18.85
72,8099,-16.2187,97,1,42.19
73,8180,9.727,81,1,42.77
74,8216,22.0905,36,1,41.8
75,8529,164.1196,313,2,52.25
76,8639,12.3183,110,1,41.8
77,8692,-19.3119,53,1,26.07
78,8805,64.8728,113,1,47.17
79,8865,30.417,60,1,21.78
80,9253,309.5456,388,2,59.08
81,9288,-26.5294,35,1,25.59
82,9577,212.2008,289,2,54.59
83,9687,42.846,110,1,42.87
84,9920,268.0525,233,2,56.45
85,9974,-25.4275,54,1,40.62
86,10048,-28.0912,74,1,27.44
87,10126,120.618,78,2,54.59
88,10233,41.4861,107,1,48.44
89,10260,-4.9546,27,1,20.31
90,10323,1.2714,63,1,37.5
91,10382,7.5874,59,1,42.48
92,10399,-24.0888,17,1,36.52
93,10490,79.1669,91,1,49.02
94,10707,195.3641,217,1,61.72
95,10742,0.2439,35,1,41.31
96,10901,149.5402,159,2,60.94
97,10966,2.4163,65,1,39.84
98,11007,5.3185,41,1,41.5
99,11092,-13.0889,85,1,28.52
100,11190,2.6285,98,1,26.95
101,11345,116.454,155,1,51.46
102,11599,203.4191,254,1,57.81
103,12065,195.9175,466,2,58.2
104,12115,-18.6501,50,1,40.33
105,12192,35.4133,77,1,46.19
106,12282,13.2761,90,1,42.77
107,12392,76.6221,110,1,52.54
108,12461,-27.7041,69,1,26.27
109,12978,146.4837,517,2,54.2
110,13229,138.2264,251,3,54.1
111,13270,27.4755,41,1,44.14
112,13419,212.9817,149,2,54.49
113,13483,-33.3854,64,1,25.68
114,13601,-19.4003,118,1,38.77
115,13792,243.3406,191,2,65.72
116,13831,-0.7859,39,1,19.92
117,13934,-21.8871,103,1,41.7
118,13968,-29.2595,34,1,25.2
119,14082,36.5957,114,1,43.95
120,14244,167.2662,162,2,48.24
121,14330,95.0549,86,1,52.83
122,14358,-2.4076,28,1,19.04
123,14822,470.2877,464,3,77.34
124,15422,540.5055,600,3,77.34
125,15925,402.6197,503,3,75.68
126,16054,194.8942,129,2,63.28
127,16110,28.8251,56,1,41.7
128,16263,114.8502,153,1,48.24
129,16336,17.294,73,1,41.6
130,16453,147.3125,117,2,56.74
131,16615,259.4053,162,2,70.7
132,16688,26.4044,73,1,40.23
133,16702,-12.379,14,1,41.11
134,16842,-3.7769,140,1,41.89
135,17130,301.4807,288,2,56.74
136,17497,459.8591,367,3,90.33
137,17882,455.553,385,3,55.57
138,17954,33.3677,72,1,45.61
139,18123,161.1208,169,1,52.83
140,18480,270.9045,357,2,55.08
141,18515,37.086,35,1,45.9
142,18569,1.8135,54,1,39.94
143,18741,107.9277,172,2,45.7
144,18771,4.445,30,1,20.31
145,19115,147.0163,344,2,63.48
146,19137,-30.7597,22,1,25.1
147,19489,580.5801,352,5,96.78
148,20089,425.2632,600,3,82.32
149,20286,139.5779,197,1,60.06
150,20340,40.8261,54,1,39.26
151,20353,-11.8488,13,1,39.55
152,20606,16.2704,253,1,43.75
153,20640,40.0732,34,1,43.46
154,20719,-25.9071,79,1,16.89
155,21115,402.9166,396,2,78.22
156,21542,554.1589,427,3,80.86
157,21699,-13.0352,157,1,28.52
158,22299,337.3247,600,3,77.25
159,22366,28.3121,67,1,21.68
160,22612,51.2596,246,1,44.63
161,23212,483.653,600,4,86.23
162,23308,3.0786,96,1,37.6
163,23415,65.6105,107,1,22.95
164,23570,245.4121,155,2,69.04
165,23634,-14.5641,64,1,34.08
166,24008,478.6365,374,3,79.1
167,24230,266.7045,222,2,58.3
168,24830,424.3222,600,3,81.45
169,25430,477.1359,600,3,81.84
170,25561,54.6062,131,1,47.07
171,26161,463.6238,600,3,80.66
172,26428,313.2997,267,2,78.52
173,27028,485.8513,600,3,89.55
174,27496,183.8179,468,2,58.2
175,28096,343.0,600,3,77.34
176,28696,420.2541,600,3,77.83
177,28737,15.433,41,1,36.62
178,28930,247.5814,193,2,61.91
179,29229,267.1892,299,2,55.27
180,29345,100.8065,116,1,48.34
181,29644,391.1695,299,3,76.76
182,30244,345.6699,600,3,70.41
183,30844,740.6807,600,5,98.83
184,31444,550.6,600,4,83.11
185,31540,164.7417,96,2,54.59
186,31568,13.4558,28,1,21.48
187,32168,381.255,600,3,80.66
188,32768,420.1224,600,3,82.32
189,33368,304.1862,600,3,74.71
190,33459,95.3762,91,1,27.15
191,33531,62.826,72,1,44.53
192,34131,692.7662,600,4,84.18
193,34172,30.3286,41,1,46.68
194,34702,293.1804,530,3,75.59
195,35302,691.663,600,5,91.11
196,35414,33.2684,112,1,21.19
197,35759,307.8984,345,2,75.59
198,35988,380.5915,229,3,80.57
199,36289,324.3539,301,3,56.64
200,36889,387.3935,600,3,80.27
201,36911,-9.4296,22,1,17.29
202,37093,290.8036,182,2,54.1
203,37120,-7.1028,27,1,35.06
204,37195,-8.1472,75,1,18.75
205,37795,392.1065,600,3,76.76
206,38395,429.1051,600,3,81.54
207,38570,277.9844,175,2,56.54
208,38623,24.1454,53,1,20.31
209,39223,664.5571,600,4,94.92
210,39645,578.4122,422,4,71.19
211,39791,176.4958,146,2,49.32
212,40391,370.1756,600,3,73.44
213,40991,154.8075,600,2,63.09
214,41591,868.5864,600,5,99.12
215,41859,160.8008,268,3,51.95
216,42310,560.7479,451,4,85.64
217,42419,180.6941,109,2,52.25
218,42479,55.3929,60,1,47.95
219,42651,227.6503,172,2,62.3
220,42714,60.019,63,1,24.32
221,42788,90.9534,74,1,51.66
222,42831,60.3594,43,1,48.05
223,42860,7.4313,29,1,43.16
224,42930,51.0753,70,1,42.09
225,43024,6.9971,94,1,27.25
226,43462,137.8773,438,2,56.74
227,43571,164.1588,109,2,63.96
228,43742,276.6218,171,3,74.41
229,43906,114.4978,164,1,45.21
230,43996,79.4506,90,1,48.73
231,44155,169.9609,159,1,54.98
232,44398,323.7713,243,3,81.64
233,44448,61.6477,50,1,45.31
234,44506,28.178,58,1,44.43
235,44776,142.0135,270,2,53.91
236,44878,66.5456,102,1,24.02
237,44938,54.6108,60,1,43.55
238,45039,112.0171,101,1,36.82
239,45101,20.8364,62,1,44.73
240,45279,197.9465,178,2,59.38
241,45331,54.7965,52,1,22.46
242,45369,48.0275,38,1,26.27
243,45413,18.0492,44,1,38.38
244,45441,-1.8052,28,1,20.21
245,45551,104.8087,110,1,37.21
246,45625,111.1538,74,1,30.08
247,45697,55.2693,72,1,33.3
248,45931,371.5889,234,4,81.45
249,46113,208.6625,182,2,64.94
250,46513,319.237,400,4,84.38
251,46830,425.6814,317,3,67.77
252,47139,289.3407,309,4,82.03
253,47279,207.9447,140,2,64.36
254,47350,36.5205,71,1,27.73
255,47486,145.3133,136,2,56.15
256,47552,70.1995,66,1,34.38
257,47643,83.2949,91,1,34.38
258,47719,49.4871,76,1,55.57
259,47760,54.8319,41,1,44.92
260,47896,190.6665,136,2,63.96
261,47939,23.4744,43,1,41.41
262,48079,53.2073,140,1,32.71
263,48113,36.9634,34,1,51.76
264,48713,575.5602,600,3,82.42
265,48763,11.8174,50,1,36.72
266,48899,128.6515,136,2,45.31
267,48954,-13.973,55,1,18.16
268,49020,39.8859,66,1,40.62
269,49051,34.3976,31,1,42.48
270,49147,123.0305,96,1,52.93
271,49447,217.5975,300,3,79.98
272,49508,64.4014,61,1,42.09
273,49671,91.9886,163,2,56.93
274,49743,6.7957,72,1,21.0
275,49839,123.6044,96,1,41.31
276,49865,30.8923,26,2,45.21
277,49925,67.7393,60,1,55.57
278,50006,100.6427,81,1,61.04
279,50053,23.2381,47,1,21.68
280,50142,135.6294,89,2,57.03
281,50209,48.1307,67,1,40.23
282,50289,65.8362,80,1,34.77
283,50497,239.2805,208,3,73.05
284,50788,384.8288,291,4,90.62
285,50822,39.4422,34,1,23.54
286,50909,76.3393,87,1,24.51
287,51036,155.4165,127,2,51.86
288,51152,67.7473,116,1,46.29
289,51198,66.1518,46,1,52.64
290,51278,6.192,80,1,19.73
291,51313,36.9536,35,1,38.67
292,51421,119.3191,108,1,53.03
293,51473,24.4213,52,1,39.16
294,51575,144.8776,102,2,29.79
295,51826,237.7307,251,3,80.96
296,52292,394.3989,466,5,89.65
297,52321,-11.8509,29,1,32.91
298,52360,0.2076,39,1,33.98
299,52407,59.4089,47,1,55.27
300,52448,42.583,41,1,43.65
301,52523,89.1198,75,1,38.28
302,52564,88.4548,41,2,54.69
303,52587,36.6212,23,2,43.07
304,52617,-10.3624,30,1,18.85
305,52733,44.7898,116,1,29.49
306,52779,65.6838,46,1,50.68
307,52813,6.4781,34,1,43.16
308,52989,164.8437,176,2,52.05
309,53077,141.1947,88,1,43.65
310,53169,-20.6072,92,1,27.64
311,53197,-28.6817,28,1,25.49
312,53297,97.6542,100,1,46.09
313,53304,-26.0065,7,1,16.99
314,53347,50.7718,43,1,24.32
315,53361,-15.3039,14,1,17.29
316,53464,86.2701,103,1,53.52
317,53507,-24.0512,43,1,26.07
318,53574,32.8028,67,1,28.12
319,53612,-7.0775,38,1,19.63
320,53656,12.2365,44,1,38.18
321,53761,33.1793,105,2,45.41
322,53784,-15.5957,23,1,17.38
323,53841,11.5912,57,1,40.82
324,53878,-29.1224,37,1,25.78
325,53937,54.7471,59,1,21.78
326,54082,134.6837,145,2,47.75
327,54189,156.5342,107,2,55.08
328,54249,75.3239,60,1,45.02
329,54339,-29.7082,90,1,37.89
330,54382,41.5264,43,1,23.54
331,54399,-6.5917,17,1,19.63
332,54439,63.5476,40,1,48.14
333,54491,44.2228,52,1,24.32
334,54508,-6.5131,17,1,40.53
335,54722,411.1009,214,3,67.87
336,54762,15.7487,40,1,42.19
337,54837,129.5024,75,2,55.76
338,54985,134.4118,148,2,57.52
339,55050,42.4685,65,1,40.82
340,55420,420.0404,370,3,70.9
341,55477,61.8357,57,1,44.24
342,55745,247.2001,268,2,61.04
343,55780,62.3502,35,2,55.18
344,55806,4.3394,26,1,18.65
345,55837,-7.6415,31,1,18.95
346,55929,43.3508,92,1,41.21
347,55983,77.25,54,2,57.52
348,56030,-6.5564,47,1,39.16
349,56081,34.0397,51,1,42.09
350,56147,-2.2224,66,1,39.84
351,56158,-11.5254,11,1,42.48
352,56253,104.5563,95,1,40.53
353,56334,6.2929,81,1,26.86
354,56426,130.917,92,1,32.42
355,56505,127.311,79,2,63.96
356,56608,84.5467,103,1,46.97
357,56692,-10.949,84,1,19.92
358,56770,-0.5537,78,1,40.04
359,56820,-0.6812,50,1,42.48
360,56865,-8.7678,45,1,19.63
361,56906,-2.6466,41,1,35.94
362,56950,48.4303,44,1,46.29
363,57203,392.7187,253,2,62.79
364,57233,12.8835,30,1,20.12
365,57293,50.8097,60,1,46.19
366,57336,48.4042,43,1,44.04
367,57375,21.3768,39,1,40.14
368,57439,19.6228,64,1,44.04
369,57526,36.2258,87,1,28.91
370,57556,12.6403,30,1,39.94
371,57585,23.9085,29,1,21.97
372,57817,368.0842,232,3,86.62
373,57867,91.962,50,2,59.08
374,57935,-20.0724,68,1,26.76
375,57953,-0.0789,18,1,41.11
376,58137,111.9663,184,2,46.88
377,58196,56.0954,59,1,47.36
378,58344,271.6558,148,2,54.2
379,58593,356.3456,249,2,65.72
380,58754,140.174,161,2,48.24
381,58811,13.3465,57,1,39.55
382,58865,58.3449,54,1,46.0
383,59074,271.9856,209,4,83.11
384,59113,45.9019,39,1,47.36
385,59173,-20.7886,60,1,26.76
386,59195,-26.8654,22,1,19.53
387,59233,52.0878,38,1,47.27
388,59287,24.5112,54,1,44.43
389,59330,51.2066,43,1,43.95
390,59376,21.1818,46,1,43.16
391,59390,-6.0877,14,1,42.38
392,59432,25.9246,42,1,24.32
393,59600,17.3353,168,1,28.42
394,59630,-20.0456,30,1,18.46
395,59647,-11.8869,17,1,18.36
396,59687,-22.1711,40,1,19.53
397,59730,41.4406,43,1,46.09
398,59774,50.7459,44,1,47.46
399,59869,149.7451,95,2,61.62
400,59911,51.7545,42,1,46.29
401,59965,65.0795,54,1,53.52
402,60034,42.0597,69,1,31.25
403,60232,305.2121,198,2,60.94
404,60311,35.0386,79,1,42.87
405,60351,62.6432,40,1,42.87
406,60541,282.4096,190,3,51.95
407,60637,170.215,96,2,63.18
408,60674,2.8051,37,1,34.08
409,60715,59.1264,41,2,46.0
410,60730,-21.1507,15,1,17.09
411,60742,-12.0482,12,1,18.75
412,60938,218.4481,196,2,65.04
413,60984,74.9356,46,1,56.54
414,61004,-6.8891,20,1,37.11
415,61192,251.4816,188,2,72.07
416,61270,94.8485,78,1,56.74
417,61298,31.4793,28,1,40.33
418,61347,14.4688,49,1,37.99
419,61475,106.441,128,2,61.43
420,61540,19.1905,65,1,43.46
421,61567,-16.8031,27,1,19.04
422,61598,30.3753,31,2,46.09
423,61785,316.4689,187,3,78.61
424,61826,7.534,41,1,43.85
425,61898,-32.5516,72,1,26.46
426,61907,-20.3817,9,1,17.68
427,61939,-4.7484,32,1,19.04
428,61998,10.5858,59,1,43.07
429,62187,285.597,189,3,83.01
430,62235,52.8423,48,1,40.72
431,62286,-13.3333,51,1,18.85
432,62387,8.3365,101,1,39.94
433,62457,70.5769,70,1,46.58
434,62759,238.5095,302,3,80.27
435,62869,121.2382,110,2,48.83
436,63039,343.36,170,3,81.64
437,63155,248.3252,116,2,56.35
438,63186,-23.0348,31,1,19.82
439,63302,213.3064,116,2,62.01
440,63416,115.0579,114,1,49.32
441,63594,256.7351,178,2,55.27
442,63627,-12.1571,33,1,17.38
443,63672,41.2401,45,1,40.43
444,63807,32.2081,135,1,29.3
445,64054,132.6085,247,2,50.39
446,64254,168.7878,200,2,55.57
447,64283,1.6311,29,1,43.07
448,64328,-7.746,45,1,41.02
449,64408,123.6748,80,1,53.61
450,64447,-5.7665,39,1,19.34
451,64473,36.1882,26,2,45.41
452,64628,329.5336,155,3,85.06
453,64800,373.0862,172,3,79.59
454,64908,75.8881,108,2,51.27
455,64978,117.8238,70,1,63.48
456,65004,13.6752,26,1,40.72
457,65028,-0.9311,24,1,19.24
458,65046,-19.5783,18,1,17.58
459,65082,31.2025,36,1,46.48
460,65140,0.7431,58,1,41.8
461,65155,-18.021,15,1,17.48
462,65235,16.5379,80,1,42.87
463,65274,14.6569,39,1,21.29
464,65355,98.6254,81,1,54.0
465,65429,164.8724,74,2,64.36
466,65481,-8.3183,52,1,39.06
467,65524,1.9225,43,1,36.13
468,65560,10.0158,36,1,45.51
469,65601,-12.5098,41,1,19.04
470,65631,25.5493,30,1,40.23
471,65873,272.4448,242,3,71.97
472,65900,29.015,27,1,51.76
473,65976,79.9525,76,1,46.19
474,66175,397.6235,199,3,78.61
475,66221,62.7456,46,1,48.63
476,66359,294.5363,138,3,78.22
477,66404,17.7289,45,1,38.28
478,66414,-11.2865,10,1,41.99
479,66588,326.5402,174,3,52.64
480,66636,55.2362,48,1,42.09
481,66768,251.6008,132,2,55.96
482,66820,19.1662,52,1,37.4
483,67035,260.772,215,4,82.52
484,67239,365.5378,204,3,85.25
485,67585,398.2954,346,3,83.2
486,67771,342.4795,186,3,76.95
487,67952,278.3783,181,2,62.99
488,68443,642.6029,491,4,87.21
489,68711,110.5225,268,2,58.2
490,68780,72.717,69,1,49.9
491,68802,-3.8813,22,1,42.58
492,68886,65.9482,84,1,43.65
493,69010,141.8582,124,2,45.9
494,69089,154.7568,79,2,64.16
495,69207,118.1157,118,2,46.09
496,69242,34.1551,35,1,44.63
497,69335,28.0612,93,1,41.11
498,69412,35.2041,77,1,45.51
499,69838,379.1455,426,3,82.62
500,69936,71.8819,98,2,48.73
501,70131,257.6359,195,3,82.42
502,70196,24.3772,65,1,39.75
503,70337,121.7495,141,2,50.2
504,70443,61.7113,106,1,46.97
505,70539,131.8764,96,3,53.32
506,70582,23.3847,43,1,40.92
507,70869,174.4994,287,2,57.71
508,71202,332.3568,333,3,53.61
509,71239,48.8308,37,1,47.07
510,71363,102.6946,124,2,57.81
511,71591,407.802,228,3,67.77
512,71751,58.7369,160,1,30.96
513,72052,340.7851,301,3,53.61
514,72410,253.4988,358,3,79.59
515,72637,498.5326,227,4,76.37
516,72697,-2.216,60,1,18.75
517,72885,28.3811,188,1,30.57
518,72985,106.674,100,2,46.09
519,73031,42.1909,46,1,48.44
520,73088,73.6716,57,1,55.37
521,73261,28.5991,173,1,30.08
522,73496,201.0403,235,2,56.25
523,73767,497.4515,271,4,85.45
524,73954,4.5474,187,2,45.51
525,73991,52.0395,37,1,51.07
526,74374,297.8416,383,3,56.15
527,74635,98.013,261,2,51.17
528,74960,266.1275,325,3,78.12
529,75196,269.4712,236,3,81.93
530,75436,103.9609,240,2,45.41
531,75718,350.43,282,3,81.35
532,75880,110.4457,162,2,46.39
533,76105,250.9293,225,3,79.69
534,76119,-8.6029,14,1,41.8
535,76245,170.1829,126,2,45.8
536,76348,122.4935,103,2,47.56
537,76501,328.8575,153,3,77.64
538,76648,43.2805,147,1,30.76
539,76986,636.4596,338,5,100.0
540,77120,221.6965,134,3,73.63
541,77406,510.6042,286,4,80.66
542,77737,427.896,331,4,86.62
543,78104,321.8969,367,3,68.65
544,78322,238.601,218,3,83.01
545,78539,75.43,217,2,47.66
546,79126,182.2582,587,3,71.39
547,79373,492.4948,247,4,86.33
548,79538,35.5898,165,1,34.28
549,79794,283.5634,256,4,83.2
550,79864,100.3652,70,2,54.59
551,79979,105.7121,115,2,46.97
552,80359,461.0735,380,4,86.82
553,80798,235.6223,439,3,75.1
554,80922,234.8801,124,2,53.12
555,81088,125.6192,166,2,48.34
556,81107,8.2556,19,1,41.41
557,81146,1.0288,39,1,44.14
558,81172,20.206,26,1,46.97
559,81363,309.2156,191,3,76.17
560,81613,65.6639,250,2,48.54
561,81667,43.5812,54,1,50.39
562,82168,75.7346,501,3,50.49
563,82206,33.1253,38,1,22.36
564,82806,354.0547,600,3,74.32
565,82952,157.6699,146,2,60.25
566,82972,2.1362,20,1,20.51
567,83153,140.073,181,2,49.71
568,83191,12.1739,38,1,39.45
569,83418,105.1265,227,2,47.17
570,84012,278.1778,594,4,90.62
571,84277,471.9407,265,4,85.64
572,84692,505.1321,415,4,78.42
573,84909,193.9596,217,3,82.03
574,85366,88.1162,457,2,51.46
575,85966,197.3134,600,2,75.0
576,86566,340.1026,600,3,78.03
577,86680,239.2468,114,2,55.27
578,86857,308.7279,177,3,75.88
579,87310,260.3535,453,3,79.88
580,87378,140.4357,68,2,64.75
581,87450,133.9797,72,2,63.28
582,87915,402.6942,465,3,85.25
583,88124,256.6316,209,3,71.48
584,88319,302.1667,195,4,88.48
585,88333,-5.6005,14,1,40.14
586,88933,460.0601,600,4,85.45
587,88966,11.3226,33,1,20.31
588,89044,92.7461,78,1,51.37
589,89644,248.8713,600,2,77.05
590,89889,360.4969,245,4,87.79
591,90489,339.4096,600,4,91.41
592,91089,248.0864,600,3,79.1
593,91689,303.6085,600,3,79.39
594,91729,42.5301,40,1,45.41
595,91853,114.8745,124,2,49.71
596,92141,203.6786,288,3,80.96
597,92437,285.5088,296,3,80.66
598,93037,247.3177,600,3,79.1
599,93339,347.505,302,4,81.25
600,93443,166.5436,104,2,69.82
601,93541,225.3495,98,2,75.98
602,93611,114.8281,70,1,57.03
603,94211,317.8826,600,3,82.71
604,94811,343.2078,600,3,84.96
605,95073,423.1144,262,4,85.94
606,95525,421.0103,452,3,63.48
607,95572,73.8024,47,2,54.2
608,95681,157.6449,109,1,57.71
609,95954,344.2935,273,3,76.07
610,96206,359.3743,252,3,76.66
611,96379,337.6955,173,4,87.5
612,96784,51.4805,405,3,52.73
613,97384,428.8368,600,4,83.11
614,97984,284.4133,600,3,78.42
615,98584,643.2057,600,5,99.02
616,98830,428.6488,246,4,81.54
617,99430,188.3036,600,2,72.07
618,99664,305.658,234,3,78.81
619,99838,244.2841,174,2,77.64
620,99896,94.4227,58,1,59.08
621,100065,382.1545,169,3,77.93
622,100424,477.3505,359,3,73.34
623,100460,33.9417,36,1,48.54
624,100503,50.8675,43,1,41.7
625,100768,314.8863,265,3,77.05
626,101345,338.2381,577,4,83.98
627,101430,160.6047,85,2,65.04
628,102030,437.7359,600,4,83.4
629,102630,223.6333,600,3,73.54
630,103054,384.5345,424,3,89.06
631,103345,257.6468,291,2,79.1
632,103447,158.3082,102,2,58.11
633,103779,373.8364,332,3,81.05
634,103809,40.6936,30,1,50.0
635,104040,160.0645,231,2,70.02
636,104078,58.2218,38,1,48.54
637,104089,-8.5019,11,1,42.19
638,104689,288.4819,600,3,81.93
639,104816,272.9661,127,2,66.5
640,104890,83.8581,74,1,24.9
641,105490,462.2518,600,4,89.45
642,105696,266.6976,206,3,78.03
643,105892,292.5088,196,3,76.76
644,106036,307.3521,144,3,77.15
645,106582,31.3098,546,3,53.03
646,106615,-26.4408,33,1,17.19
647,106842,290.0073,227,3,74.02
648,107442,314.9402,600,3,76.66
649,108042,310.2679,600,3,72.95
650,108120,143.7871,78,2,52.44
651,108361,326.4468,241,3,77.93
652,108961,428.9353,600,3,79.79
653,109561,219.9312,600,2,70.61
654,109626,39.235,65,1,38.18
655,109770,222.6604,144,2,70.41
656,110298,208.3632,528,3,80.76
657,110309,-8.3765,11,1,42.58
658,110482,204.001,173,2,68.07
659,111082,427.2363,600,4,84.28
660,111262,301.7507,180,3,52.73
661,111397,222.5518,135,2,69.04
662,111760,228.6536,363,2,71.39
663,111853,224.247,93,2,67.48
664,111964,197.2445,111,2,66.11
665,112564,331.4706,600,3,80.66
666,113164,200.9491,600,2,54.88
667,113314,320.7358,150,3,81.05
668,113914,259.2815,600,3,74.22
669,114080,147.5646,166,2,63.96
670,114273,298.8684,193,3,77.73
671,114427,348.0208,154,3,77.83
672,115027,198.0,600,2,70.21
673,115294,360.3152,267,3,78.03
674,115660,191.543,366,3,76.17
675,116260,554.9128,600,4,79.98
676,116305,107.4415,45,2,69.34
677,116478,201.1692,173,2,65.23
678,116505,20.5816,27,1,44.24
679,116638,173.7089,133,2,68.07
680,116806,356.8363,168,3,78.03
681,117406,284.2629,600,3,79.2
682,118006,138.8088,600,2,69.14
683,118226,232.7103,220,2,70.8
684,118244,-18.2005,18,1,15.43
685,118278,31.1025,34,1,47.07
686,118878,289.5918,600,3,74.02
687,118904,13.4953,26,1,41.6
688,119344,408.9841,440,3,78.03
689,119371,-7.3495,27,1,20.21
690,119487,181.2102,116,2,47.95
691,119700,364.7649,213,3,55.27
692,119814,202.1187,114,2,65.04
693,120414,214.9077,600,2,75.0
694,121014,142.8955,600,2,68.85
695,121032,4.8317,18,1,41.6
696,121117,90.2246,85,1,28.71
697,121125,-17.0088,8,1,40.04
698,121322,215.0482,197,2,71.19
699,121873,222.8605,551,3,74.61
700,121995,207.8906,122,2,50.88
701,122023,20.053,28,1,39.36
702,122623,504.1126,600,4,83.2
703,122650,5.15,27,1,21.0
704,122760,243.0056,110,2,58.3
705,122938,290.3335,178,3,54.39
706,123453,269.8119,515,3,79.1
707,123471,11.1032,18,1,42.48
708,123668,216.097,197,2,72.36
709,123677,-14.3002,9,1,38.77
710,123741,144.9668,64,2,63.57
711,123935,374.9915,194,3,77.34
712,124083,313.8378,148,3,79.79
713,124201,174.7231,118,2,65.92
714,124638,211.6733,437,2,69.82
715,125238,309.4207,600,3,79.39
716,125318,161.0239,80,2,64.16
717,125343,11.5582,25,1,20.9
718,125463,216.5995,120,2,53.71
719,126063,163.5926,600,2,74.9
720,126232,226.1207,169,2,73.05
721,126727,239.1735,495,3,77.15
722,126968,133.1355,241,2,69.43
723,127396,298.5993,428,3,82.52
724,127484,237.5508,88,3,77.34
725,128084,333.1514,600,3,78.42
726,128170,182.26,86,2,73.14
727,128770,168.1348,600,2,69.24
728,128956,366.4481,186,3,77.93
729,129556,368.5578,600,4,79.2
730,129701,227.1641,145,3,73.63
731,130290,301.5217,589,4,83.69
732,130327,78.5614,37,2,62.5
733,130466,261.0866,139,2,69.24
734,130552,199.7343,86,2,71.09
735,130668,233.0522,116,2,62.6
736,131268,317.6891,600,3,77.15
737,131293,-3.9041,25,1,18.85
738,131773,347.5476,480,4,85.94
739,132080,286.4744,307,3,80.96
740,132095,0.4858,15,1,44.04
741,132292,264.8088,197,3,79.49
742,132423,261.6977,131,3,75.88
743,132563,307.9107,140,4,81.54
744,133163,304.3371,600,4,84.18
745,133763,194.157,600,3,75.2
746,134363,244.3,600,3,80.66
747,134486,276.7572,123,3,74.41
748,135086,432.6111,600,4,82.52
749,135686,211.3,600,3,75.1
750,135710,26.1386,24,1,45.12
751,136310,233.2469,600,3,73.34
752,136582,239.2156,272,3,75.59
753,136619,4.0611,37,1,44.53
754,136788,257.2746,169,3,78.91
755,137388,433.2342,600,4,86.13
756,137988,184.4919,600,3,73.24
757,138288,274.6444,300,3,82.81
758,138888,464.2563,600,4,81.25
759,138913,10.952,25,1,21.09
760,139157,278.2505,244,3,77.54
761,139757,396.6553,600,4,85.16
762,139772,-8.8795,15,1,40.53
763,139963,386.7662,191,4,72.27
764,140010,60.8356,47,1,50.29
765,140138,175.6003,128,1,65.33
766,140172,39.936,34,1,49.51
767,140471,317.1044,299,3,82.81
768,140498,-22.3444,27,1,17.58
769,140916,159.6734,418,3,74.41
770,141516,212.2312,600,3,75.98
771,142116,396.9069,600,4,84.96
772,142252,281.1341,136,3,83.59
773,142442,162.938,190,1,67.68
774,142468,6.9376,26,1,22.07
775,142592,250.7379,124,3,78.32
776,142817,313.1401,225,4,83.5
777,143417,216.866,600,3,76.95
778,144017,362.2339,600,4,84.18
779,144617,363.5119,600,4,92.58
780,145217,241.3981,600,3,75.68
781,145280,-6.9274,63,1,20.12
782,145880,358.7733,600,4,83.89
783,146480,323.8159,600,4,91.11
784,146524,84.8817,44,1,62.3
785,146601,82.3803,77,1,28.71
786,146642,39.7071,41,1,47.56
787,146678,40.0179,36,1,26.17
788,146785,243.6635,107,3,69.73
789,146869,187.4081,84,2,72.75
790,147314,284.3087,445,3,87.21
791,147479,268.5834,165,3,78.71
792,147659,267.3144,180,3,79.1
793,148259,279.7388,600,3,76.37
794,148859,166.7381,600,3,76.27
795,149459,434.5006,600,4,85.25
796,149621,330.6954,162,4,81.05
797,149669,98.23,48,2,61.82
798,150269,282.2545,600,4,85.55
799,150869,188.163,600,3,83.2
800,151157,290.0783,288,3,81.54
801,151350,211.519,193,3,76.66
802,151950,168.3657,600,3,79.98
803,152249,209.6849,299,3,75.49
804,152274,-22.2787,25,1,16.11
805,152688,231.1606,414,2,75.0
806,153286,288.8085,598,4,85.06
807,153680,207.6954,394,3,75.78
808,153703,-9.581,23,1,16.99
809,154088,348.6224,385,3,73.05
810,154490,474.1428,402,4,83.11
811,154838,275.3323,348,3,78.91
812,155055,217.0897,217,3,77.73
813,155655,384.7906,600,3,87.21
814,156181,285.0099,526,3,81.05
815,156781,298.233,600,3,81.54
816,157381,237.1956,600,4,83.11
817,157588,281.9954,207,3,77.44
818,158188,186.4783,600,3,73.24
819,158560,359.1626,372,4,90.43
820,159160,383.4716,600,4,87.99
821,159567,246.9438,407,2,71.09
822,160167,257.2198,600,3,86.62
823,160410,315.6644,243,3,79.88
824,160760,525.5259,350,5,86.52
825,161360,170.7775,600,3,74.02
826,161960,483.62,600,5,89.65
827,162560,297.407,600,4,83.11
828,163160,180.1765,600,3,78.03
829,163192,17.9448,32,1,41.11
830,163792,483.8454,600,4,84.08
831,164211,315.6938,419,4,85.55
832,164685,548.1856,474,4,84.86
833,165285,306.295,600,3,87.5
834,165596,752.8911,311,6,100.0
835,165975,344.4464,379,4,84.86
836,166373,296.7153,398,3,77.73
837,166973,233.2115,600,3,83.98
838,167573,355.3022,600,4,83.01
839,168173,302.9331,600,4,84.96
840,168598,367.1329,425,4,84.57
841,169198,317.3988,600,4,83.2
842,169678,319.0678,480,3,82.03
843,169703,-6.5642,25,1,19.34
844,170303,347.423,600,4,82.81
845,170903,375.2224,600,4,85.64
846,171503,357.7199,600,4,89.75
847,171733,382.5746,230,4,84.77
848,172319,355.7316,586,5,97.56
849,172919,287.1569,600,3,77.73
850,172975,88.8197,56,2,42.87
851,173269,383.3464,294,4,93.16
852,173782,246.1805,513,3,73.93
853,174064,392.3612,282,4,84.08
854,174234,372.9254,170,3,69.82
855,174654,327.6737,420,3,80.66
856,175254,263.3976,600,4,84.08
857,175327,33.6515,73,1,21.78
858,175709,277.7466,382,3,77.64
859,175979,258.044,270,3,78.91
860,176366,323.0832,387,3,86.52
861,176943,358.2084,577,4,86.23
862,177543,307.1392,600,3,82.32
863,177750,485.9771,207,5,92.68
864,178350,409.2645,600,4,86.62
865,178603,335.5846,253,3,83.69
866,178779,272.9728,176,3,80.66
867,179012,139.7553,233,2,70.31
868,179172,259.5383,160,3,78.32
869,179772,439.8625,600,5,94.63
870,180372,334.3333,600,4,85.25
871,180386,-9.4491,14,1,42.77
872,180951,310.3326,565,3,84.18
873,181149,394.6318,198,4,91.31
874,181372,340.8834,223,4,82.23
875,181615,283.1736,243,4,82.13
876,181910,198.6971,295,2,71.29
877,181976,27.6299,66,1,21.29
878,182271,301.4916,295,2,76.95
879,182649,397.3407,378,3,82.23
880,182962,498.0027,313,5,84.96
881,183123,217.6043,161,3,76.56
882,183273,393.4111,150,4,82.91
883,183378,265.4892,105,3,76.37
884,183746,450.6284,368,4,93.36
885,184346,352.307,600,4,83.2
886,184946,354.6642,600,4,83.01
887,185234,378.1268,288,4,95.9
888,185834,491.9091,600,5,99.22
889,186072,180.9889,238,2,74.71
890,186239,381.5854,167,4,87.7
891,186531,288.3146,292,3,80.66
892,186729,500.1083,198,5,87.5
893,186753,-12.5476,24,1,17.58
894,187353,582.3764,600,5,98.34
895,187703,378.861,350,4,85.64
896,188303,351.5894,600,4,83.89
897,188466,216.44,163,2,48.14
898,189066,173.2765,600,3,81.54
899,189264,295.6432,198,3,75.29
900,189864,248.7822,600,3,79.49
901,190089,317.7213,225,3,74.61
902,190137,110.115,48,2,50.88
903,190291,369.8065,154,4,88.96
904,190891,383.7912,600,4,96.29
905,191040,257.8648,149,2,55.18
906,191069,16.0685,29,1,21.58
907,191308,326.9382,239,3,88.77
908,191464,356.9343,156,4,91.6
909,192064,224.356,600,2,80.27
910,192322,178.2866,258,3,76.46
911,192522,267.2874,200,3,81.15
912,193005,218.581,483,4,90.92
913,193314,189.4308,309,3,79.49
914,193914,281.8882,600,4,84.86
915,193975,15.7691,61,1,22.27
916,194092,299.2622,117,4,84.18
917,194134,32.2005,42,1,23.44
918,194158,-6.7561,24,1,18.85
919,194758,366.7996,600,4,84.86
920,194924,241.0849,166,3,71.0
921,195047,126.7482,123,2,61.72
922,195551,252.5268,504,4,86.43
923,195638,193.346,87,2,72.95
924,195716,123.452,78,1,66.21
925,195828,250.145,112,3,82.81
926,196428,484.6078,600,5,86.91
927,196960,339.6663,532,4,94.63
928,197169,290.5641,209,4,84.08
929,197570,330.1031,401,4,83.98
930,198150,30.0603,580,2,69.34
931,198750,532.5566,600,5,99.8
932,199036,426.7221,286,4,85.74
933,199636,216.6436,600,3,51.66
934,200236,296.7167,600,4,82.62
935,200562,333.9169,326,4,87.01
936,200968,408.1452,406,4,86.43
937,201567,314.421,599,4,80.18
938,202167,242.9924,600,4,84.08
939,202282,275.9647,115,3,86.72
940,202882,462.1937,600,4,95.41
941,202997,36.8227,115,1,21.0
942,203597,413.0504,600,5,95.8
943,204197,343.0854,600,4,96.39
944,204797,426.6356,600,4,98.73
945,205397,370.7629,600,4,90.72
946,205997,283.6729,600,4,84.18
947,206597,335.0284,600,5,98.14
948,207197,520.2429,600,5,88.18
949,207238,93.293,41,2,62.4
950,207838,282.8426,600,4,85.94
951,208073,257.7529,235,3,80.66
952,208673,296.287,600,4,93.07
953,208810,344.2628,137,3,77.05
954,209154,333.6879,344,4,81.35
955,209588,218.1391,434,3,73.54
956,210188,285.2502,600,4,85.74
957,210788,294.1065,600,5,86.62
958,211388,374.6587,600,5,96.09
959,211988,316.6216,600,3,79.2
960,212588,571.5289,600,5,93.85
961,212621,7.2749,33,1,21.88
962,213221,313.8682,600,4,91.8
963,213362,241.9422,141,3,77.93
964,213962,233.5032,600,4,83.69
965,214562,281.2895,600,4,82.42
966,215162,409.9913,600,5,95.02
967,215762,243.4533,600,4,84.77
968,216362,266.3706,600,4,90.23
969,216962,396.5785,600,5,96.29
970,217562,214.506,600,3,75.1
971,218162,155.1105,600,3,74.12
972,218356,282.4412,194,3,80.08
973,218956,219.9037,600,3,78.81
974,219302,388.582,346,4,86.13
975,219680,275.3454,378,3,80.57
976,219830,256.1054,150,3,78.81
977,220430,349.6841,600,4,85.64
978,220771,479.7307,341,5,99.41
979,221371,257.6372,600,4,89.26
980,221587,397.7276,216,4,86.43
981,222187,427.1413,600,4,95.12
982,222607,631.2836,420,6,100.0
983,223207,521.3509,600,5,98.24
984,223807,312.8327,600,4,86.04
985,223976,356.6482,169,4,82.32
986,224576,266.2684,600,4,81.45
987,224870,669.48,294,6,100.0
988,225470,105.9686,600,3,75.2
989,226070,302.9118,600,4,94.43
990,226670,196.549,600,3,82.03
991,227270,314.131,600,4,93.26
992,227870,221.9458,600,4,88.28
993,228470,351.565,600,5,97.66
994,229070,299.7158,600,4,82.32
995,229670,343.9359,600,4,86.13
996,230270,252.4579,600,4,91.11
997,230494,488.4716,224,4,86.82
998,230778,321.1889,284,4,83.69
999,230801,11.4058,23,1,22.17
1000,231401,293.4806,600,4,90.33
1001,232001,300.5241,600,4,94.82
1002,232386,402.6539,385,4,85.16
1003,232986,337.9963,600,5,98.24
1004,233586,289.9417,600,4,85.55
1005,234186,235.7733,600,4,85.74
1006,234738,436.5254,552,4,87.21
1007,235338,412.5148,600,5,97.75
1008,235481,273.3551,143,4,92.19
1009,235717,295.1989,236,3,87.79
1010,236317,263.8634,600,4,90.43
1011,236650,688.1448,333,6,100.0
1012,237250,266.9152,600,4,91.11
1013,237491,684.4186,241,6,100.0
1014,238091,306.0298,600,5,97.75
1015,238691,343.1682,600,4,89.26
1016,238772,105.7188,81,1,59.38
1017,239161,486.9491,389,5,100.0
1018,239233,129.1986,72,2,58.79
1019,239833,272.4639,600,4,91.21
1020,240433,488.8834,600,4,95.51
1021,241033,291.4921,600,4,85.84
1022,241117,164.3256,84,2,71.88
1023,241717,456.4882,600,4,92.77
1024,241937,174.2824,220,2,76.37
1025,241997,79.6622,60,1,58.01
1026,242597,247.2212,600,4,86.91
1027,243197,211.2548,600,4,84.47
1028,243797,353.1265,600,5,99.22
1029,244095,344.3935,298,5,91.5
1030,244467,379.5658,372,4,89.16
1031,245067,594.6895,600,5,100.0
1032,245577,480.1534,510,5,99.71
1033,246177,383.1449,600,5,98.83
1034,246777,336.6153,600,4,83.3
1035,247377,227.8211,600,3,81.93
1036,247977,339.0022,600,4,85.35
1037,248577,278.363,600,4,91.02
1038,248762,268.481,185,3,81.05
1039,248789,1.8816,27,1,18.46
1040,249307,163.5127,518,2,74.9
1041,249907,359.9836,600,4,85.45
1042,250507,291.0122,600,4,92.58
1043,251045,454.5112,538,5,99.32
1044,251081,40.0075,36,1,57.23
1045,251100,9.0165,19,1,42.29
1046,251700,258.9815,600,4,92.29
1047,252300,306.7899,600,4,94.04
1048,252900,328.5952,600,4,95.7
1049,253006,207.2372,106,3,79.2
1050,253606,347.5724,600,5,98.05
1051,254143,133.2761,537,3,71.58
1052,254163,11.5533,20,1,22.17
1053,254282,300.2796,119,4,83.01
1054,254882,503.6938,600,5,97.46
1055,254905,-12.6178,23,1,19.63
1056,255505,302.4847,600,4,89.36
1057,256105,413.9311,600,5,95.12
1058,256705,385.8165,600,5,98.24
1059,257305,476.9351,600,5,96.68
1060,257549,306.1372,244,4,81.35
1061,257749,205.1689,200,2,73.24
1062,257831,137.7878,82,2,65.43
1063,258094,166.884,263,2,71.09
1064,258483,325.4584,389,3,66.89
1065,259083,406.2658,600,5,98.63
1066,259502,158.8793,419,3,91.6
1067,259528,-1.1862,26,1,18.65
1068,260128,226.0045,600,3,77.73
1069,260728,201.1766,600,4,83.59
1070,261328,151.0425,600,3,81.93
1071,261483,202.0708,155,2,69.24
1072,261554,109.7616,71,1,63.57
1073,261569,-3.4935,15,1,40.62
1074,261579,-20.1418,10,1,41.89
1075,261672,169.2682,93,2,68.65
1076,262272,105.9468,600,2,74.41
1077,262321,106.9994,49,2,50.98
1078,262344,-12.6456,23,1,17.87
1079,262662,268.8805,318,3,79.98
1080,262844,128.0054,182,3,53.52
1081,263444,408.9122,600,5,89.65
1082,263466,-12.497,22,1,19.82
1083,264062,258.4653,596,5,91.21
1084,264203,207.372,141,2,70.31
1085,264442,316.5221,239,4,84.47
1086,265042,281.9733,600,4,87.21
1087,265642,303.3424,600,4,90.04
1088,265661,-6.0869,19,1,18.55
1089,266027,199.8818,366,3,77.54
1090,266312,363.8867,285,4,84.08
1091,266344,72.864,32,2,52.73
1092,266944,62.5413,600,2,62.11
1093,267544,141.5358,600,2,74.9
1094,267862,431.6954,318,5,86.62
1095,268462,260.9962,600,4,91.89
1096,269055,253.5709,593,3,88.38
1097,269655,220.4494,600,3,75.29
1098,269723,31.0347,68,1,21.29
1099,270323,234.1465,600,3,88.57
1100,270923,289.4898,600,3,79.2
1101,271523,290.431,600,4,92.58
1102,272123,204.7818,600,3,73.83
1103,272723,325.1691,600,4,94.34
1104,273238,188.4763,515,3,78.22
1105,273595,418.5059,357,4,83.11
1106,274195,535.3773,600,5,89.36
1107,274263,162.5186,68,2,71.0
1108,274416,255.2714,153,2,78.52
1109,275016,318.8344,600,4,90.43
1110,275616,307.6704,600,3,78.71
1111,276216,293.1178,600,3,79.1
1112,276235,-0.2758,19,1,19.82
1113,276835,593.409,600,5,96.09
1114,277435,187.6638,600,3,78.42
1115,278035,298.3785,600,4,86.13
1116,278117,174.033,82,2,70.31
1117,278717,311.2815,600,3,81.25
1118,279272,380.432,555,5,95.8
1119,279813,189.1831,541,3,88.38
1120,280413,359.2904,600,4,92.97
1121,280437,14.5247,24,1,21.29
1122,281013,293.1469,576,4,94.24
1123,281032,-9.3028,19,1,23.05
1124,281632,344.6267,600,4,85.55
1125,282232,328.4976,600,3,80.66
1126,282832,156.345,600,3,75.59
1127,283289,325.5883,457,3,91.21
1128,283827,281.4592,538,4,89.45
1129,283849,-3.4013,22,1,18.95
1130,284444,539.6183,595,6,100.0
1131,284463,-3.0868,19,1,19.73
1132,284848,349.5851,385,5,98.44
1133,285448,372.3745,600,5,97.75
1134,285919,254.1233,471,3,78.42
1135,286332,311.8754,413,4,85.35
1136,286870,246.9142,538,3,79.98
1137,286892,5.5006,22,1,22.56
1138,287349,220.3854,457,3,82.32
1139,287468,304.5347,119,3,87.6
1140,288001,280.651,533,4,91.7
1141,288521,260.7028,520,4,89.84
1142,289121,315.0976,600,3,79.39
1143,289721,274.3393,600,3,84.38
1144,289746,-10.0916,25,1,21.09
1145,290346,303.9752,600,3,81.93
1146,290371,-13.2078,25,1,17.38
1147,290971,145.2433,600,2,73.24
1148,291566,251.089,595,3,77.73
1149,292164,336.5926,598,5,96.39
1150,292764,282.0848,600,4,86.13
1151,293364,235.5152,600,4,88.77
1152,293960,236.9371,596,4,90.43
1153,294560,214.5645,600,2,74.61
1154,295021,162.0008,461,3,72.27
1155,295621,196.8858,600,3,78.03
1156,295795,361.3883,174,4,90.92
1157,295809,-5.9249,14,1,42.19
1158,296409,368.6764,600,4,91.5
1159,296519,245.5486,110,3,81.93
1160,296956,195.063,437,3,81.74
1161,297455,259.7213,499,3,83.89
1162,297483,10.5769,28,1,21.29
1163,297800,63.5378,317,1,26.66
1164,298400,128.6552,600,2,70.9
1165,298622,216.7246,222,3,77.54
1166,299059,389.5999,437,4,85.25
1167,299112,86.2915,53,1,50.39
1168,299704,256.5345,592,4,84.67
1169,300304,238.3305,600,3,80.37
1170,300467,399.4362,163,4,87.7
1171,301055,147.0241,588,3,78.91
1172,301644,416.3349,589,5,97.46
1173,301914,206.8967,270,3,76.86
1174,301937,2.2382,23,1,19.43
1175,302537,515.3231,600,5,99.61
1176,303137,282.6405,600,4,87.5
1177,303737,296.2866,600,3,82.32
1178,304337,233.617,600,3,79.69
1179,304543,373.4132,206,5,91.21
1180,304669,253.3388,126,3,81.84
1181,305269,456.061,600,5,99.02
1182,305762,322.4866,493,5,86.82
1183,306362,207.1163,600,3,71.88
1184,306560,475.9642,198,5,96.09
1185,306750,238.6936,190,4,82.91
1186,306884,317.1353,134,4,91.6
1187,307071,201.095,187,3,76.37
1188,307092,6.0135,21,1,22.07
1189,307451,157.7399,359,3,77.34
1190,307684,523.24,233,5,98.44
1191,307783,219.5882,99,3,76.27
1192,308216,245.8816,433,3,79.79
1193,308470,460.899,254,5,97.75
1194,308491,-6.3553,21,1,18.95
1195,308535,82.0268,44,1,50.39
1196,308785,697.8481,250,6,100.0
1197,309385,279.4877,600,4,83.79
1198,309406,13.1811,21,1,44.14
1199,310006,228.9053,600,3,78.71
1200,310606,207.9742,600,3,82.52
1201,311206,562.8691,600,5,87.79
1202,311761,116.6361,555,3,77.34
1203,312309,252.3924,548,4,84.08
1204,312332,8.7243,23,1,21.48
1205,312932,236.9127,600,4,89.65
1206,312975,92.9632,43,2,52.83
1207,313575,181.0554,600,3,79.3
1208,314175,370.7306,600,5,87.4
1209,314775,348.0071,600,4,85.06
1210,315375,230.3542,600,4,85.16
1211,315394,9.1492,19,1,21.29
1212,315994,262.2543,600,4,89.55
1213,316594,354.1,600,4,88.09
1214,317194,313.6664,600,4,86.52
1215,317214,-12.2263,20,1,16.99
1216,317814,346.0115,600,5,91.5
1217,318414,389.3437,600,4,87.7
1218,318857,354.9078,443,5,97.46
1219,319303,331.4966,446,4,86.04
1220,319321,-12.1262,18,1,15.62
1221,319921,312.933,600,5,92.29
1222,320521,242.1526,600,4,83.4
1223,320563,75.8869,42,1,49.22
1224,321163,296.5759,600,4,89.16
1225,321763,275.7437,600,3,87.01
1226,322363,343.8254,600,4,85.25
1227,322963,214.0412,600,3,82.03
1228,323563,194.9003,600,3,78.42
1229,323739,253.265,176,3,79.39
1230,324339,471.1403,600,5,99.8
1231,324789,243.7904,450,4,88.87
1232,325389,158.1736,600,3,75.59
1233,325970,160.9063,581,3,77.15
1234,326558,413.692,588,5,100.0
1235,326762,514.473,204,5,95.21
1236,327362,328.165,600,4,91.31
1237,327962,281.6143,600,4,86.04
1238,328562,271.2741,600,4,85.84
1239,328889,532.6442,327,6,100.0
1240,329387,283.1612,498,5,96.39
1241,329931,182.4767,544,3,79.2
1242,329951,-0.1164,20,1,22.07
1243,330543,157.4398,592,3,81.54
1244,331143,440.7856,600,5,99.8
1245,331743,224.5802,600,3,79.79
1246,331954,322.1495,211,4,83.79
1247,332501,564.6428,547,6,100.0
1248,332922,400.0244,421,5,94.53
1249,333522,364.4175,600,5,98.54
1250,334122,457.6327,600,5,100.0
1251,334703,243.2898,581,4,86.04
1252,335303,440.8759,600,5,99.9
1253,335812,324.2519,509,5,97.75
1254,336320,389.7237,508,5,96.78
1255,336538,676.9496,218,6,100.0
1256,337113,268.8061,575,4,90.33
1257,337592,679.1529,479,6,100.0
1258,338158,165.6325,566,4,83.2
1259,338178,18.0276,20,1,21.88
1260,338194,-2.7398,16,1,23.63
1261,338659,432.7569,465,5,99.22
1262,338960,357.7925,301,4,92.19
1263,338980,2.9693,20,1,22.27
1264,339542,211.7385,562,4,84.08
1265,340033,243.6318,491,4,90.62
1266,340633,216.4808,600,3,79.0
1267,341170,285.9176,537,4,79.49
1268,341291,336.2698,121,4,92.68
1269,341738,356.306,447,5,96.48
1270,342338,200.4554,600,3,79.88
1271,342922,217.5558,584,4,87.5
1272,343108,273.7638,186,3,81.74
1273,343536,350.0516,428,5,95.7
1274,344082,389.323,546,4,93.75
1275,344638,244.0142,556,4,89.84
1276,344666,-1.511,28,1,20.7
1277,345266,317.5011,600,3,82.71
1278,345857,424.1858,591,5,99.8
1279,346455,368.7257,598,4,93.55
1280,346714,398.4818,259,4,91.99
1281,347293,463.2375,579,5,86.43
1282,347575,573.9068,282,5,99.71
1283,348011,378.788,436,4,86.33
1284,348139,350.7947,128,4,93.55
1285,348552,289.3334,413,4,92.48
1286,348574,-21.6532,22,1,17.19
1287,349145,220.9309,571,3,87.11
1288,349745,387.2993,600,4,85.64
1289,349852,202.8995,107,2,71.29
1290,350126,188.9492,274,2,74.22
1291,350633,389.282,507,4,91.5
1292,351025,343.1162,392,5,96.0
1293,351474,325.2531,449,5,94.53
1294,351929,224.1212,455,4,87.99
1295,352042,258.5506,113,3,74.12
1296,352315,728.5042,273,6,100.0
1297,352799,169.4659,484,3,81.45
1298,353392,453.4329,593,4,93.75
1299,353911,455.6688,519,5,88.67
1300,354092,269.1952,181,4,88.28
1301,354636,354.7785,544,5,91.5
1302,354912,473.1514,276,4,89.36
1303,355130,688.6088,218,6,100.0
1304,355375,407.0948,245,4,95.02
1305,355617,713.0102,242,6,100.0
1306,356217,256.2156,600,3,79.69
1307,356677,489.6003,460,4,93.16
1308,357129,372.9622,452,5,95.12
1309,357729,522.7141,600,5,98.05
1310,358329,340.6853,600,5,97.85
1311,358864,425.5907,535,5,85.55
1312,359453,492.2085,589,5,84.77
1313,359709,699.7039,256,6,100.0
1314,360309,123.0954,600,2,73.83
1315,360332,-12.8409,23,1,17.58
1316,360748,274.2459,416,4,90.72
1317,361225,326.1032,477,4,90.92
1318,361677,268.2326,452,4,90.92
1319,361906,387.3723,229,4,91.11
1320,362125,678.7514,219,6,100.0
1321,362585,387.1487,460,5,96.39
1322,362947,452.8996,362,4,92.77
1323,363515,220.6227,568,4,86.62
1324,363879,193.3995,364,3,80.27
1325,364099,687.68,220,6,100.0
1326,364654,226.3872,555,3,85.16
1327,364815,258.5003,161,3,80.37
1328,365272,338.0608,457,5,95.41
1329,365674,248.0649,402,4,89.26
1330,366274,164.554,600,2,70.02
1331,366516,280.1781,242,4,90.53
1332,366922,323.7368,406,5,95.12
1333,367345,282.2594,423,4,90.82
1334,367354,-14.3377,9,1,43.55
1335,367759,281.7657,405,4,89.16
1336,367953,650.5255,194,6,99.9
1337,368506,426.402,553,5,97.56
1338,368608,225.6761,102,3,81.54
1339,369208,269.7564,600,3,91.21
1340,369655,299.7337,447,4,91.41
1341,369775,333.9822,120,4,90.43
1342,370375,522.894,600,5,99.02
1343,370722,596.8156,347,6,100.0
1344,370914,268.7463,192,4,86.91
1345,371211,358.9554,297,5,95.21
1346,371580,303.2041,369,4,92.77
1347,371777,518.8279,197,5,98.73
1348,372254,360.9742,477,5,99.12
1349,372642,288.761,388,4,89.26
1350,373145,473.1966,503,5,98.14
1351,373295,282.4383,150,4,89.75
1352,373305,-14.3946,10,1,37.99
1353,373322,-8.7578,17,1,19.24
1354,373718,290.0694,396,4,91.02
1355,373925,550.0886,207,5,92.58
1356,374357,223.8759,432,3,84.77
1357,374957,345.7618,600,4,96.09
1358,375198,703.314,241,6,100.0
1359,375687,305.1707,489,4,95.41
1360,376175,217.2178,488,3,83.69
1361,376363,497.8491,188,5,98.83
1362,376952,424.4426,589,4,95.61
1363,377106,288.6131,154,4,87.7
1364,377292,504.1786,186,5,95.31
1365,377398,251.9447,106,3,81.64
1366,377666,344.4786,268,5,95.02
1367,378185,302.3454,519,5,98.34
1368,378688,376.5874,503,4,90.82
1369,378856,402.67,168,5,95.31
1370,379058,333.5501,202,4,89.06
1371,379280,367.0934,222,5,95.02
1372,379603,489.3271,323,5,97.95
1373,380003,261.6773,400,4,89.75
1374,380378,341.5709,375,5,97.46
1375,380755,352.5974,377,5,95.02
1376,380777,-6.4601,22,1,21.29
1377,381248,318.5908,471,5,96.88
1378,381665,229.7381,417,4,90.72
1379,381676,-17.4272,11,1,40.62
1380,381794,319.289,118,4,89.55
1381,382034,575.4156,240,5,95.61
1382,382487,207.9199,453,3,83.59
1383,382880,306.4384,393,5,95.21
1384,383079,519.8511,199,5,97.85
1385,383216,342.9082,137,4,90.04
1386,383619,259.7971,403,4,90.92
1387,384086,293.225,467,4,90.23
1388,384300,533.7905,214,5,98.93
1389,384323,5.5646,23,1,21.48
1390,384753,252.474,430,4,89.84
1391,384856,249.2301,103,3,81.15
1392,384994,358.8427,138,4,88.38
1393,385060,163.408,66,2,53.03
1394,385075,2.8633,15,1,41.7
1395,385478,302.5583,403,4,89.55
1396,385631,366.5247,153,5,95.51
1397,385751,355.6233,120,4,91.21
1398,385944,370.0848,193,5,96.29
1399,386390,268.9336,446,4,91.11
1400,386756,192.8706,366,3,84.86
1401,387035,349.5373,279,5,95.21
1402,387411,271.7038,376,4,90.14
1403,387479,154.0881,68,2,53.42
1404,387613,304.9284,134,4,91.11
1405,388156,513.8854,543,5,99.71
1406,388351,641.5668,195,6,100.0
1407,388666,438.0065,315,5,95.61
1408,389129,406.7789,463,5,96.48
1409,389308,498.2328,179,5,94.43
1410,389668,236.4175,360,4,89.36
1411,389861,655.9175,193,6,100.0
1412,389934,153.6682,73,2,52.54
1413,390066,325.0938,132,4,89.65
1414,390258,517.4856,192,5,95.21
1415,390627,277.6816,369,4,90.43
1416,390945,356.008,318,5,97.36
1417,391318,374.4005,373,5,95.41
1418,391581,455.3924,263,5,96.48
1419,391941,251.031,360,4,89.94
1420,392247,246.3439,306,4,89.06
1421,392652,243.8541,405,4,87.4
1422,392777,339.2747,125,4,92.09
1423,393043,531.3142,266,5,97.75
1424,393466,257.1139,423,3,84.08
1425,393818,211.7867,352,4,88.28
1426,394116,711.8779,298,6,100.0
1427,394563,429.2672,447,4,91.41
1428,394673,251.1332,110,3,83.2
1429,394788,260.1659,115,3,83.98
1430,395146,297.3095,358,4,94.43
1431,395268,348.6081,122,4,90.14
1432,395601,316.7953,333,5,96.58
1433,395890,365.2755,289,5,96.29
1434,396028,359.3661,138,4,88.87
1435,396327,369.9557,299,5,95.7
1436,396738,281.2914,411,4,88.96
1437,396843,228.0216,105,3,80.37
1438,397018,499.6342,175,5,95.41
1439,397308,288.7059,290,4,93.46
1440,397659,320.5031,351,4,89.26
1441,398092,231.9178,433,3,84.96
1442,398112,2.8177,20,1,19.14
1443,398314,570.5087,202,6,99.41
1444,398443,359.5926,129,4,92.19
1445,398805,458.8923,362,5,97.17
1446,398926,343.1718,121,4,92.09
1447,399139,551.6175,213,5,98.93
1448,399151,-11.411,12,1,42.09
1449,399244,240.6729,93,3,81.45
1450,399461,556.2544,217,5,99.12
1451,400050,302.6772,589,4,91.02
1452,400433,398.5902,383,5,95.7
1453,400872,165.8232,439,3,75.98
1454,401034,398.155,162,4,87.21
1455,401245,534.7131,211,5,98.93
1456,401263,-11.6955,18,1,18.65
1457,401439,238.7602,176,4,83.4
1458,401543,225.5086,104,3,80.76
1459,401757,566.2236,214,5,99.22
1460,402007,223.0421,250,4,83.69
1461,402114,231.0817,107,3,82.42
1462,402479,239.033,365,4,90.72
1463,402608,319.2961,129,4,91.41
1464,402734,319.9571,126,4,89.36
1465,402823,213.8589,89,3,81.05
1466,403150,157.6496,327,2,80.76
1467,403449,289.7299,299,4,89.16
1468,403627,206.344,178,4,81.64
1469,403661,-5.801,34,1,27.64
1470,403681,5.5528,20,1,20.9
1471,403857,297.4169,176,5,89.26
1472,403870,-2.7238,13,1,44.92
1473,403997,339.7009,127,4,90.92
1474,404210,527.0284,213,5,92.48
1475,404251,57.6654,41,1,28.22
1476,404372,345.6969,121,4,90.53
1477,404716,310.9617,344,4,95.02
1478,405181,581.0957,465,5,99.9
1479,405592,276.5223,411,4,88.18
1480,405917,378.744,325,5,95.8
1481,406042,333.6227,125,4,92.77
1482,406385,286.5002,343,4,89.84
1483,406830,181.0368,445,3,82.71
1484,407248,547.7613,418,4,94.24
1485,407444,632.7968,196,6,100.0
1486,407973,415.338,529,4,89.65
1487,408156,503.797,183,5,96.48
1488,408258,230.4463,102,3,82.23
1489,408282,-0.5884,24,1,19.73
1490,408691,291.2647,409,4,95.8
1491,408942,286.0661,251,3,80.66
1492,409248,378.6304,306,5,95.12
1493,409353,257.4064,105,3,83.69
1494,409541,538.4688,188,5,95.31
1495,409825,350.5771,284,5,97.07
1496,410415,220.3525,590,4,90.82
1497,410736,271.362,321,4,93.55
1498,411069,329.2704,333,5,95.8
1499,411197,353.4545,128,4,92.38
1500,411302,236.8261,105,3,80.37
1501,411399,222.716,97,3,79.59
1502,411535,360.2059,136,4,91.99
1503,411904,276.2629,369,4,91.02
1504,411964,79.908,60,1,29.39
1505,412440,196.3128,476,2,79.2
1506,412498,113.9315,58,1,64.55
1507,412519,-3.1707,21,1,19.73
1508,412649,252.7512,130,3,82.03
1509,413026,275.4028,377,4,90.14
1510,413561,239.7508,535,4,87.7
1511,413969,291.4812,408,4,92.19
1512,414301,206.8612,332,3,86.52
1513,414435,310.7769,134,4,89.16
1514,414838,292.3097,403,4,95.12
1515,414953,296.2778,115,3,84.96
1516,415092,308.585,139,3,84.86
1517,415518,200.3992,426,3,79.0
1518,415901,238.7058,383,3,84.96
1519,416287,280.7502,386,4,93.36
1520,416337,91.4191,50,2,61.04
1521,416458,293.897,121,3,68.36
1522,416800,266.9378,342,4,92.97
1523,417256,170.4748,456,3,80.57
1524,417755,450.6588,499,4,95.41
1525,417766,-14.2733,11,1,36.62
1526,418023,300.4905,257,5,89.84
1527,418428,265.2278,405,3,73.24
1528,418953,249.7532,525,3,74.41
1529,419271,328.5537,318,5,96.97
1530,419651,293.4759,380,4,90.72
1531,420028,401.3927,377,5,96.68
1532,420332,280.5436,304,3,83.11
1533,420417,152.7156,85,2,68.26
1534,420542,293.7955,125,4,89.55
1535,420639,237.795,97,3,83.01
1536,420774,354.9196,135,4,92.87
1537,420969,204.447,195,3,78.12
1538,421300,214.1083,331,3,80.86
1539,421534,721.2797,234,6,100.0
1540,421551,-11.7461,17,1,17.58
1541,421929,179.6815,378,3,80.66
1542,422054,309.0512,125,4,91.02
1543,422365,187.8493,311,3,78.42
1544,422390,-1.0131,25,1,17.19
1545,422990,252.1864,600,3,72.85
1546,423590,203.9557,600,3,81.15
1547,423716,335.9922,126,4,91.5
1548,423931,684.8959,215,6,100.0
1549,423953,-6.4285,22,1,20.61
1550,424348,445.1653,395,4,90.04
1551,424694,302.1084,346,4,95.02
1552,424971,654.1864,277,6,100.0
1553,425407,282.2718,436,4,90.33
1554,425706,284.3891,299,3,71.88
1555,425860,359.8099,154,4,90.92
1556,426178,294.4784,318,4,90.23
1557,426583,184.8103,405,3,80.86
1558,426659,164.3974,76,2,74.8
1559,426740,155.7762,81,2,69.24
1560,426762,2.5858,22,1,20.8
1561,427172,459.6405,410,4,95.7
1562,427432,478.709,260,4,93.85
1563,427677,662.865,245,6,100.0
1564,428203,431.6224,526,4,88.77
1565,428641,138.0381,438,2,78.71
1566,428944,306.6733,303,4,89.45
1567,429069,275.3204,125,3,82.32
1568,429093,14.3915,24,1,21.88
1569,429375,296.2656,282,5,91.7
1570,429618,380.2861,243,5,97.85
1571,429755,335.469,137,4,89.84
1572,430147,188.2298,392,3,77.54
1573,430278,175.5302,131,2,74.71
1574,430827,263.1756,549,3,73.34
1575,431192,393.9143,365,4,84.77
1576,431792,231.0312,600,3,79.1
1577,432392,243.7,600,4,82.91
1578,432705,302.2981,313,5,92.97
1579,432918,543.5417,213,5,99.22
1580,433220,390.1498,302,5,96.39
1581,433360,372.6011,140,4,91.89
1582,433960,221.1812,600,2,73.63
1583,434099,338.5695,139,4,94.73
1584,434122,-3.7095,23,1,21.09
1585,434297,374.1229,175,3,77.54
1586,434735,327.8548,438,5,96.48
1587,434987,674.736,252,6,99.8
1588,435171,486.3342,184,5,95.31
1589,435369,257.6709,198,3,79.59
1590,435618,300.3413,249,4,93.36
1591,436218,239.2405,600,4,90.53
1592,436488,263.3514,270,4,90.62
1593,436762,348.5474,274,5,95.02
1594,436785,4.6611,23,1,20.61
1595,436854,154.1487,69,2,53.12
1596,437052,665.7822,198,6,100.0
1597,437226,253.5316,174,4,84.47
1598,437732,468.2388,506,4,83.79
1599,438332,326.591,600,5,95.8
1600,438565,668.8726,233,6,100.0
1601,439165,191.8397,600,3,75.39
1602,439412,386.4869,247,5,94.63
1603,439677,200.8512,265,3,76.46
1604,439865,527.3305,188,5,95.41
1605,439986,340.0899,121,4,91.99
1606,440023,6.1939,37,1,20.41
1607,440037,-2.5521,14,1,41.5
1608,440393,261.2072,356,3,80.66
1609,440682,310.3745,289,4,88.96
1610,441282,393.3411,600,4,85.25
1611,441882,344.0528,600,5,95.61
1612,442482,230.721,600,3,77.73
1613,442574,222.9006,92,3,81.64
1614,443081,247.5943,507,4,91.41
1615,443348,380.0506,267,5,94.82
1616,443898,203.8427,550,3,81.05
1617,444498,167.9675,600,3,81.84
1618,444798,186.2674,300,4,82.42
1619,445140,180.2419,342,4,82.13
1620,445627,409.3245,487,4,85.64
1621,445648,-15.7144,21,1,15.82
1622,446248,348.0353,600,5,95.21
1623,446848,262.2113,600,3,78.42
1624,446892,53.1852,44,1,25.29
1625,447220,302.1301,328,5,91.7
1626,447820,369.3931,600,5,94.73
1627,448420,306.8046,600,4,92.19
1628,448448,13.666,28,1,21.39
1629,448470,8.8217,22,1,22.46
1630,449070,197.7349,600,3,77.15
1631,449670,359.7425,600,5,95.12
1632,450270,357.2265,600,5,95.31
1633,450434,285.3446,164,3,53.61
1634,450677,680.0078,243,6,99.9
1635,450694,-5.8311,17,1,18.75
1636,451083,212.7085,389,2,79.69
1637,451184,249.608,101,3,82.62
1638,451437,349.6326,253,5,89.84
1639,452037,266.4823,600,3,83.3
1640,452376,236.9787,339,4,83.11
1641,452498,286.5629,122,3,82.91
1642,452523,5.4319,25,1,19.34
1643,453123,256.9398,600,5,89.84
1644,453348,645.1807,225,6,99.51
1645,453948,170.5634,600,2,74.02
1646,454522,180.7226,574,3,74.41
1647,455122,630.4954,600,5,99.8
1648,455289,278.0147,167,4,82.91
1649,455830,245.5735,541,4,95.51
1650,455922,232.383,92,3,82.81
1651,456043,228.4392,121,3,82.13
1652,456643,426.8228,600,4,85.25
1653,457126,195.945,483,3,75.98
1654,457540,402.551,414,4,86.23
1655,458122,304.6054,582,5,95.02
1656,458722,194.574,600,3,82.23
1657,458928,631.5255,206,6,100.0
1658,459165,383.195,237,5,96.39
1659,459389,672.4331,224,6,100.0
1660,459989,297.1744,600,5,90.04
1661,460129,351.121,140,4,91.02
1662,460729,342.6822,600,5,95.21
1663,461329,320.2117,600,5,95.9
1664,461645,244.7683,316,4,89.55
1665,461811,245.3635,166,3,78.52
1666,462411,528.3666,600,5,99.8
1667,463011,376.4869,600,5,96.39
1668,463321,365.3193,310,5,94.63
1669,463650,299.4818,329,5,90.33
1670,464250,169.8516,600,4,83.59
1671,464309,33.0982,59,1,22.66
1672,464503,582.5709,194,6,99.61
1673,464648,295.231,145,4,90.04
1674,465248,216.0072,600,3,80.96
1675,465596,238.9788,348,4,83.79
1676,465698,252.5518,102,3,82.13
1677,465916,623.0659,218,6,100.0
1678,466392,663.8066,476,6,100.0
1679,466992,233.0474,600,4,81.93
1680,467241,276.8298,249,4,84.28
1681,467464,709.153,223,6,100.0
1682,467674,628.36,210,6,99.8
1683,467878,622.8119,204,6,100.0
1684,467900,14.6938,22,1,22.75
1685,468500,242.8121,600,4,89.75
1686,469100,299.5997,600,4,90.33
1687,469700,344.0235,600,5,94.14
1688,469948,705.4401,248,6,100.0
1689,470215,641.9987,267,6,99.71
1690,470280,154.719,65,2,53.03
1691,470880,366.1185,600,5,94.73
1692,471054,246.8162,174,4,81.93
1693,471572,289.8912,518,5,89.36
1694,471781,532.718,209,5,99.22
1695,472044,614.1251,263,6,100.0
1696,472644,266.0777,600,4,92.48
1697,472742,246.8388,98,3,81.64
1698,472763,18.1769,21,1,21.68
1699,473358,289.8563,595,5,94.63
1700,473958,359.9406,600,5,94.82
1701,474496,200.453,538,4,83.3
1702,474586,220.5517,90,3,80.08
1703,474820,719.9188,234,6,100.0
1704,475047,687.7614,227,6,99.51
1705,475062,-9.0925,15,1,38.96
1706,475293,668.1005,231,6,99.71
1707,475380,223.7566,87,3,82.13
1708,475609,686.6628,229,6,99.41
1709,476209,268.6204,600,5,93.16
1710,476318,257.3188,109,3,81.64
1711,476344,10.744,26,1,21.09
1712,476565,702.4499,221,6,100.0
1713,476664,246.7756,99,3,81.93
1714,477264,255.2341,600,4,91.5
1715,477499,717.2218,235,6,100.0
1716,478099,399.3479,600,4,88.96
1717,478699,188.1,600,2,75.59
1718,478710,-11.1556,11,1,39.55
1719,479310,337.5831,600,5,96.58
1720,479489,482.8553,179,5,98.93
1721,479711,316.2841,222,5,92.87
1722,479812,240.1899,101,3,81.64
1723,479838,19.9924,26,1,37.99
1724,480438,352.2073,600,5,94.24
1725,480584,316.0532,146,3,56.25
1726,480819,680.7487,235,6,99.8
1727,481419,299.5,600,5,91.41
1728,481652,177.4675,233,2,75.0
1729,481919,213.6166,267,3,79.49
1730,482130,636.6925,211,6,100.0
1731,482550,242.2411,420,4,82.62
1732,483150,392.6909,600,4,85.64
1733,483298,340.4244,148,3,54.59
1734,483898,369.4209,600,5,95.51
1735,483918,-15.2249,20,1,19.73
1736,484518,382.9824,600,5,94.73
1737,485118,297.537,600,4,92.77
1738,485449,289.1174,331,4,93.85
1739,485547,240.6625,98,3,82.71
1740,486147,333.6215,600,5,96.29
1741,486262,249.0363,115,2,48.24
1742,486862,280.8114,600,4,82.91
1743,487035,247.9581,173,4,82.13
1744,487281,593.2193,246,5,96.78
1745,487518,698.4347,237,6,99.9
1746,487622,255.7475,104,3,81.54
1747,487719,229.1121,97,3,81.54
1748,488319,275.1635,600,5,90.62
1749,488412,229.2878,93,3,82.42
1750,488664,729.9996,252,6,100.0
1751,488858,266.4381,194,3,79.98
1752,489170,253.3777,312,4,89.06
1753,489390,699.7645,220,6,100.0
1754,489518,314.4179,128,4,91.8
1755,489669,326.6875,151,3,54.59
1756,489883,236.3551,214,3,80.37
1757,490055,478.5556,172,5,99.41
1758,490279,716.6715,224,6,100.0
1759,490879,266.0237,600,4,90.43
1760,491127,336.1949,248,5,91.11
1761,491306,483.3935,179,5,98.83
1762,491906,360.284,600,5,96.29
1763,492106,609.3456,200,6,99.9
1764,492374,724.657,268,6,100.0
1765,492576,318.2903,202,4,89.26
1766,492849,753.0875,273,6,100.0
1767,493069,712.413,220,6,100.0
1768,493669,248.414,600,4,86.62
1769,493930,760.7577,261,6,100.0
1770,494530,321.2596,600,5,94.14
1771,494732,623.5596,202,6,99.71
1772,494816,211.7431,84,3,81.54
1773,494847,66.8897,31,2,49.9
1774,495447,264.1587,600,4,90.04
1775,496047,255.3934,600,4,87.01
1776,496244,344.2285,197,5,94.53
1777,496844,241.243,600,4,92.09
1778,497042,620.1276,198,6,100.0
1779,497642,273.9561,600,4,91.5
1780,497860,390.5978,218,5,92.48
1781,498316,253.1347,456,4,82.91
1782,498338,-3.1908,22,1,19.53
1783,498584,661.8048,246,6,100.0
1784,498799,696.449,215,6,100.0
1785,499399,305.3128,600,5,94.63
1786,499682,486.0103,283,5,97.85
1787,499785,264.6359,103,3,82.71
1788,500021,708.251,236,6,100.0
1789,500225,310.7423,204,4,91.5
1790,500239,-9.3882,14,1,41.6
1791,500451,378.9934,212,5,91.41
1792,500652,403.5031,201,5,89.84
1793,501252,359.4513,600,5,92.09
1794,501552,751.5668,300,6,100.0
1795,501578,-3.8435,26,1,20.7
1796,501805,661.9438,227,6,99.9
1797,502253,296.8455,448,5,90.72
1798,502853,310.3769,600,5,94.82
1799,503026,339.702,173,5,90.43
1800,503040,-0.1417,14,1,40.53
1801,503141,237.2795,101,3,81.35
1802,503367,660.0315,226,6,99.41
1803,503967,329.225,600,5,92.29
1804,504149,286.837,182,4,90.43
1805,504321,358.7732,172,5,92.19
1806,504584,702.8872,263,6,100.0
1807,504806,681.6407,222,6,100.0
1808,505406,223.9585,600,4,82.03
1809,506006,313.8166,600,5,94.53
1810,506606,303.4827,600,5,90.33
1811,507206,180.2306,600,4,82.81
1812,507806,242.6054,600,3,83.3
1813,508406,414.7223,600,4,85.55
1814,509006,354.775,600,5,95.9
1815,509564,205.7619,558,4,82.62
1816,509963,184.7473,399,3,79.69
1817,510455,177.6499,492,3,80.76
1818,510719,655.1302,264,6,100.0
1819,511005,194.7917,286,2,77.93
1820,511291,631.9253,286,6,100.0
1821,511891,209.3538,600,3,80.18
1822,512491,339.2007,600,5,90.04
1823,513091,287.3499,600,5,94.34
1824,513478,135.5644,387,3,79.0
1825,513545,136.0551,67,2,50.98
1826,514145,224.1006,600,3,82.52
1827,514372,678.2847,227,6,100.0
1828,514972,264.6834,600,4,82.52
1829,515129,364.157,157,3,54.1
1830,515509,255.8207,380,4,86.04
1831,516109,211.5558,600,4,82.91
1832,516709,345.326,600,5,95.02
1833,517045,275.3184,336,4,83.4
1834,517645,313.651,600,5,94.63
1835,518245,259.9274,600,4,89.06
1836,518845,126.9337,600,3,79.69
1837,519079,706.8824,234,6,100.0
1838,519443,281.0921,364,4,90.43
1839,520043,261.9271,600,4,90.43
1840,520643,366.7093,600,5,94.34
1841,520801,312.5343,158,3,53.91
1842,521401,246.1096,600,4,82.71
1843,522001,494.6136,600,5,100.0
1844,522601,162.6322,600,3,78.71
1845,523201,237.1839,600,4,81.74
1846,523801,269.1447,600,4,90.43
1847,524401,330.2217,600,5,92.48
1848,525001,558.8017,600,5,98.05
1849,525541,346.0249,540,4,96.0
1850,526141,258.4744,600,4,90.14
1851,526334,311.508,193,4,92.58
1852,526663,477.3325,329,6,100.0
1853,526775,196.5653,112,3,78.61
1854,527375,237.005,600,4,87.11
1855,527975,259.8296,600,4,82.42
1856,528575,523.3741,600,5,100.0
1857,528585,-14.339,10,1,42.29
1858,528606,-3.2941,21,1,20.21
1859,528625,2.5787,19,1,39.94
1860,529225,299.7119,600,4,93.36
1861,529542,619.063,317,6,100.0
1862,529710,255.4468,168,4,80.96
1863,529974,714.2476,264,6,100.0
1864,530574,246.8,600,4,83.89
1865,530610,51.4118,36,1,27.34
1866,531210,488.6532,600,5,100.0
1867,531810,390.4404,600,4,85.35
1868,532410,287.7298,600,4,90.62
1869,533010,453.4658,600,5,99.9
1870,533016,-25.8632,6,1,39.55
1871,533199,329.7555,183,5,90.53
1872,533799,535.9491,600,5,100.0
1873,534399,293.3053,600,5,95.61
1874,534626,695.2529,227,6,100.0
1875,535226,250.8295,600,4,88.18
1876,535826,232.7333,600,4,91.5
1877,536426,254.8639,600,4,83.79
1878,536448,17.7618,22,1,36.62
1879,536468,-0.1221,20,1,39.06
1880,537068,303.0691,600,5,90.04
1881,537092,25.7425,24,1,40.72
1882,537692,502.3517,600,5,100.0
1883,537924,236.4848,232,4,82.81
1884,538524,227.0751,600,4,83.01
1885,539124,170.7912,600,2,76.37
1886,539724,240.4973,600,3,82.03
1887,540324,248.5431,600,4,90.04
1888,540348,-3.4669,24,1,19.63
1889,540567,681.3664,219,6,100.0
1890,541167,396.9979,600,4,86.43
1891,541767,212.6994,600,3,84.18
1892,542367,366.6882,600,5,94.73
1893,542967,256.2181,600,4,91.02
1894,543123,350.5473,156,3,55.08
1895,543723,335.3008,600,4,93.07
1896,544323,303.9649,600,5,94.43
1897,544923,186.7571,600,4,82.23
1898,545523,483.8971,600,5,100.0
1899,546123,233.8408,600,4,90.14
1900,546723,484.6013,600,5,100.0
1901,547323,463.778,600,5,100.0
1902,547923,476.5442,600,5,100.0
1903,548523,505.4967,600,5,99.9
1904,549123,326.2719,600,5,95.31
1905,549542,183.2755,419,3,83.01
1906,549565,11.4842,23,1,21.09
1907,549891,683.466,326,6,100.0
1908,550491,307.1354,600,5,94.43
1909,550713,490.7742,222,5,98.93
1910,550878,331.7587,165,3,53.81
1911,550933,71.3805,55,1,53.91
1912,551148,679.9743,215,6,100.0
1913,551748,290.7533,600,4,89.26
1914,552348,303.7556,600,5,94.43
1915,552948,468.3748,600,5,99.9
1916,553548,259.3131,600,4,90.62
1917,553615,4.6719,67,1,20.21
1918,553855,357.9667,240,5,94.53
1919,554455,236.3398,600,4,89.84
1920,555055,217.0425,600,4,82.52
1921,555655,497.3085,600,5,100.0
1922,556247,257.155,592,4,94.04
1923,556268,-3.4024,21,1,19.34
1924,556868,246.204,600,4,90.82
1925,557248,271.0876,380,4,90.23
1926,557848,262.6361,600,4,83.2
1927,558448,283.4465,600,4,90.82
1928,558473,17.3372,25,1,36.33
1929,559073,240.7353,600,4,93.95
1930,559102,7.7241,29,1,20.9
1931,559702,550.1904,600,5,100.0
1932,559858,361.5989,156,3,55.47
1933,560458,313.7943,600,4,89.75
1934,561058,209.95,600,4,91.21
1935,561182,354.6053,124,4,92.97
1936,561782,326.6476,600,5,92.77
1937,562006,719.0311,224,6,100.0
1938,562606,249.2971,600,4,90.62
1939,563126,460.2854,520,6,100.0
1940,563726,475.423,600,5,100.0
1941,564326,277.0718,600,5,90.04
1942,564676,618.987,350,6,100.0
1943,565276,339.3811,600,5,95.21
1944,565507,613.224,231,6,100.0
1945,566019,430.9395,512,5,99.9
1946,566619,240.3512,600,4,89.65
1947,567219,279.9445,600,4,90.43
1948,567819,506.3396,600,5,99.9
1949,567838,-3.121,19,1,17.09
1950,568411,393.7155,573,5,98.63
1951,569011,324.303,600,5,94.73
1952,569611,237.1312,600,4,81.15
1953,569740,351.7895,129,4,93.36
1954,569767,-1.2428,27,1,19.43
1955,570068,660.4191,301,6,100.0
1956,570247,501.7504,179,5,96.09
1957,570847,301.4473,600,4,89.65
1958,571142,551.0333,295,5,96.0
1959,571536,443.4214,394,5,100.0
1960,571841,272.7891,305,4,90.53
1961,572404,160.7781,563,3,77.05
1962,573004,199.7748,600,3,82.32
1963,573604,331.0047,600,5,94.92
1964,574204,248.7164,600,3,80.18
1965,574804,243.6785,600,4,90.82
1966,574998,583.5846,194,6,99.12
1967,575516,453.6764,518,5,99.9
1968,575646,353.0526,130,4,89.84
1969,575897,707.031,251,6,100.0
1970,576497,485.1157,600,4,85.55
1971,577097,246.4541,600,4,92.09
1972,577697,268.0919,600,4,86.13
1973,577878,513.7195,181,5,98.54
1974,578478,259.036,600,4,90.23
1975,579078,274.8222,600,3,80.47
1976,579678,479.2696,600,5,99.9
1977,580278,391.8847,600,4,95.21
1978,580878,204.7185,600,4,82.23
1979,581478,225.1757,600,3,83.5
1980,582078,127.4729,600,2,73.24
1981,582678,336.5135,600,5,92.09
1982,583278,326.4667,600,5,95.12
1983,583878,483.2427,600,5,100.0
1984,584007,250.2461,129,3,78.81
1985,584607,140.3594,600,2,73.83
1986,585207,350.8247,600,5,96.39
1987,585807,407.296,600,5,95.31
1988,585832,5.3886,25,1,19.63
1989,586432,494.6539,600,5,100.0
1990,586658,465.1433,226,4,86.91
1991,586962,667.0909,304,6,100.0
1992,587562,186.6444,600,3,81.45
1993,587676,193.6667,114,2,76.37
1994,587699,13.5439,23,1,44.14
1995,587826,249.4452,127,2,47.56
1996,587849,5.5591,23,1,38.67
1997,588336,129.4117,487,2,73.54
1998,588873,452.5319,537,5,100.0
1999,589473,531.0459,600,4,85.35
2000,590073,352.9649,600,4,95.51
2001,590673,358.9768,600,4,96.0
2002,591273,276.2665,600,4,89.84
2003,591352,212.1406,79,3,74.32
2004,591835,691.3679,483,6,100.0
2005,592435,253.2031,600,3,79.39
2006,593035,359.2164,600,5,94.63
2007,593635,165.2632,600,2,74.71
2008,594081,224.7419,446,4,91.11
2009,594681,222.1136,600,3,79.1
2010,595017,511.1191,336,5,100.0
2011,595033,0.2238,16,1,39.36
2012,595633,525.5081,600,5,100.0
2013,595771,363.4532,138,4,90.92
2014,596371,267.7534,600,3,80.96
2015,596393,15.2668,22,1,21.29
2016,596421,7.9578,28,1,19.53
2017,597021,467.2576,600,5,99.9
2018,597147,240.0449,126,3,81.35
2019,597592,255.9583,445,4,85.35
2020,598104,222.6488,512,4,86.33
2021,598128,14.3694,24,1,38.67
2022,598728,282.3912,600,3,80.86
2023,599287,143.2742,559,3,86.23
2024,599887,350.6143,600,4,93.65
2025,599901,0.295,14,1,42.77
2026,599910,-17.5724,9,1,40.43
2027,600510,276.232,600,3,80.76
2028,600945,211.8147,435,3,79.59
2029,601545,270.054,600,4,81.64
2030,602004,249.0433,459,4,89.84
2031,602604,343.6841,600,4,93.55
2032,603204,255.68,600,3,84.86
2033,603740,229.0371,536,3,79.98
2034,604340,169.304,600,2,68.75
2035,604370,7.4544,30,1,20.51
2036,604806,189.455,436,3,79.59
2037,605386,112.8316,580,2,74.9
2038,605602,704.9325,216,6,100.0
2039,606202,315.4973,600,4,91.99
2040,606802,371.6685,600,4,86.04
2041,607187,208.0077,385,3,78.91
2042,607405,229.0045,218,3,75.88
2043,608005,196.2874,600,3,83.11
2044,608605,333.4796,600,5,94.53
2045,609170,241.4374,565,4,86.72
2046,609314,316.0497,144,4,90.92
2047,609751,248.7426,437,4,92.19
2048,610351,489.5331,600,5,100.0
2049,610951,253.4855,600,4,91.8
2050,611551,246.0818,600,4,90.23
2051,612090,225.5562,539,4,90.04
2052,612414,534.6995,324,4,87.6
2053,612764,347.3134,350,4,92.58
2054,613364,490.7674,600,5,100.0
2055,613672,211.4941,308,4,82.71
2056,614272,263.7061,600,4,89.06
2057,614872,161.8353,600,2,75.88
2058,615472,266.0372,600,4,89.55
2059,616072,321.8386,600,5,85.35
2060,616672,486.7432,600,5,100.0
2061,617272,270.3498,600,4,92.38
2062,617872,240.6373,600,4,88.67
2063,618472,203.1271,600,3,83.01
2064,619072,349.7494,600,4,83.98
2065,619153,188.0613,81,2,73.24
2066,619753,483.3711,600,5,99.9
2067,619969,304.9841,216,4,87.5
2068,620007,69.0929,38,1,29.69
2069,620607,299.1645,600,4,86.52
2070,620651,27.4022,44,1,23.54
2071,620696,58.0388,45,1,27.05
2072,621296,158.3462,600,2,79.0
2073,621518,672.0006,222,6,100.0
2074,622118,261.1756,600,4,89.55
2075,622718,134.9134,600,2,75.2
2076,623318,286.3281,600,4,89.94
2077,623918,229.9247,600,4,88.77
2078,624518,215.8642,600,4,88.67
2079,625118,187.3584,600,3,88.09
2080,625266,375.8207,148,4,79.2
2081,625866,465.572,600,5,100.0
2082,625975,219.3752,109,2,78.42
2083,626575,176.3873,600,2,73.44
2084,627175,485.4808,600,5,99.9
2085,627775,322.4304,600,4,91.7
2086,628375,462.4266,600,5,100.0
2087,628975,429.9596,600,5,95.61
2088,629575,347.5696,600,5,96.0
2089,629786,665.5397,211,6,100.0
2090,629971,630.902,185,6,100.0
2091,630571,284.5537,600,5,95.8
2092,631171,281.2966,600,4,92.38
2093,631771,389.0652,600,5,100.0
2094,631940,328.7803,169,4,92.29
2095,632540,197.2323,600,4,84.08
2096,632558,2.7304,18,1,21.19
2097,632588,39.9118,30,1,24.32
2098,632610,14.5643,22,1,23.54
2099,633210,260.2208,600,4,93.16
2100,633810,303.9829,600,4,94.34
2101,634122,317.707,312,3,75.29
2102,634722,316.3499,600,5,94.34
2103,634748,-0.7807,26,1,18.65
2104,634923,619.2591,175,6,99.9
2105,635523,339.6217,600,5,95.8
2106,635610,179.054,87,2,76.86
2107,636210,368.7908,600,5,97.27
2108,636573,199.4105,363,3,83.5
2109,637173,211.6089,600,3,84.28
2110,637773,267.7378,600,4,91.31
2111,638373,235.544,600,3,80.47
2112,638723,333.399,350,5,96.0
2113,639112,467.2605,389,5,100.0
2114,639712,262.0509,600,4,89.65
2115,640005,264.384,293,4,81.54
2116,640334,721.7572,329,6,100.0
2117,640816,367.4722,482,4,94.82
2118,641416,535.3001,600,5,100.0
2119,641628,245.663,212,3,83.79
2120,642228,155.4018,600,2,76.86
2121,642247,-9.1107,19,1,17.68
2122,642765,448.4502,518,5,99.9
2123,643365,281.5447,600,5,94.73
2124,643917,346.2039,552,5,94.43
2125,644517,379.9104,600,5,94.43
2126,645117,251.3709,600,4,89.45
2127,645230,231.3314,113,2,76.46
2128,645830,550.5102,600,5,100.0
2129,646216,327.0826,386,4,93.16
2130,646248,52.6922,32,1,49.41
2131,646848,336.4383,600,4,85.35
2132,646951,264.4035,103,3,83.11
2133,647010,139.4435,59,2,66.89
2134,647082,153.3048,72,2,68.26
2135,647474,287.3831,392,4,94.82
2136,647972,102.8595,498,2,74.32
2137,648115,319.725,143,4,91.7
2138,648302,599.8377,187,6,100.0
2139,648436,328.6332,134,4,92.38
2140,648649,651.4993,213,6,100.0
2141,649162,378.8645,513,4,94.34
2142,649762,237.1733,600,3,82.23
2143,650362,48.6775,600,1,65.23
2144,650755,230.068,393,4,90.92
2145,651355,238.2059,600,4,93.07
2146,651423,163.0255,68,2,53.42
2147,651726,397.5498,303,5,94.34
2148,652219,259.0459,493,4,94.73
2149,652819,486.4906,600,5,99.8
2150,653216,399.3345,397,4,85.55
2151,653243,23.0433,27,1,41.8
2152,653348,226.8992,105,2,55.37
2153,653948,479.4127,600,5,99.8
2154,653963,3.2858,15,1,44.92
2155,654563,179.8747,600,3,85.45
2156,655163,311.4263,600,5,94.43
2157,655356,625.8497,193,6,100.0
2158,655824,261.0628,468,4,93.16
2159,656424,542.9107,600,5,99.9
2160,657024,223.5734,600,4,91.11
2161,657091,159.5869,67,2,54.2
2162,657691,490.5635,600,5,99.9
2163,658291,322.5116,600,5,95.12
2164,658891,502.1235,600,5,99.41
2165,658915,-0.3878,24,1,20.31
2166,659515,115.7064,600,3,81.93
2167,660115,300.0453,600,4,91.31
2168,660306,649.303,191,6,100.0
2169,660522,298.8732,216,4,90.62
2170,660938,607.734,416,6,100.0
2171,661538,465.8417,600,5,100.0
2172,662138,453.3227,600,5,99.9
2173,662738,219.3228,600,4,87.99
2174,663117,175.0768,379,3,83.01
2175,663360,397.6829,243,4,96.0
2176,663381,-3.3809,21,1,18.46
2177,663678,406.7814,297,5,97.66
2178,663857,503.3792,179,5,97.95
2179,663925,163.1094,68,2,53.71
2180,663969,101.9606,44,2,50.29
2181,664254,467.6699,285,5,99.51
2182,664804,192.2077,550,4,89.06
2183,665167,153.5512,363,2,75.2
2184,665767,226.8655,600,4,89.94
2185,666367,221.2683,600,4,89.75
2186,666545,500.6308,178,5,97.75
2187,666719,450.7868,174,5,98.93
2188,666745,22.9493,26,1,39.75
2189,666769,14.5004,24,1,39.75
2190,667033,530.1653,264,5,100.0
2191,667633,316.5809,600,4,96.48
2192,668233,227.9899,600,3,78.61
2193,668833,231.5705,600,4,89.16
2194,669129,328.8129,296,4,94.04
2195,669473,268.6103,344,4,90.92
2196,669760,613.4314,287,6,100.0
2197,670165,240.4028,405,4,89.75
2198,670765,239.6841,600,4,88.77
2199,671365,244.5657,600,4,89.45
2200,671965,244.4913,600,3,81.54
2201,672565,274.6881,600,4,91.8
2202,672584,5.9287,19,1,18.55
2203,673184,299.0507,600,4,89.06
2204,673199,-3.4254,15,1,41.89
2205,673799,475.0295,600,5,99.61
2206,674399,291.9995,600,4,90.43
2207,674999,289.3503,600,4,92.38
2208,675179,497.0736,180,5,96.88
2209,675209,-8.7876,30,1,19.24
2210,675809,392.3549,600,5,96.0
2211,675821,-5.4956,12,1,43.55
2212,676037,512.6879,216,5,99.71
2213,676637,296.4501,600,4,92.29
2214,677081,264.3941,444,4,93.65
2215,677562,355.3434,481,5,96.09
2216,678162,330.8487,600,4,92.87
2217,678762,284.2344,600,4,92.19
2218,679362,342.7325,600,5,94.53
2219,679723,271.6279,361,4,93.07
2220,680323,445.6188,600,4,85.35
2221,680661,726.3637,338,6,100.0
2222,680927,745.913,266,6,100.0
2223,681181,672.4758,254,6,100.0
2224,681781,538.8906,600,5,100.0
2225,682381,307.7702,600,4,88.96
2226,682438,110.276,57,2,51.95
2227,683038,135.2,600,2,72.95
2228,683638,266.6617,600,4,91.99
2229,683661,20.56,23,1,47.17
2230,683788,356.022,127,4,91.31
2231,684388,155.5471,600,2,75.1
2232,684781,695.1014,393,6,100.0
2233,685246,466.3558,465,5,100.0
2234,685585,581.0195,339,6,100.0
2235,686185,458.6579,600,4,85.94
2236,686785,283.6617,600,5,94.53
2237,686930,330.9395,145,3,55.47
2238,686938,-20.2229,8,1,38.48
2239,687016,142.6612,78,2,50.2
2240,687125,213.026,109,2,52.93
2241,687151,19.8572,26,1,39.06
2242,687751,534.9918,600,5,99.71
2243,688351,242.3215,600,4,89.94
2244,688951,393.6955,600,4,71.88
2245,689551,513.7,600,5,100.0
2246,690151,268.435,600,5,89.06
2247,690160,-17.1383,9,1,39.65
2248,690180,14.9259,20,1,50.49
2249,690780,551.6504,600,5,99.9
2250,691380,240.7757,600,4,93.26
2251,691980,142.9548,600,2,74.8
2252,692452,300.2905,472,5,94.34
2253,693052,428.3906,600,5,100.0
2254,693538,410.5135,486,5,100.0
2255,694138,237.8195,600,4,89.75
2256,694738,294.5751,600,5,95.12
2257,695338,473.6189,600,5,100.0
2258,695347,-17.1657,9,1,41.89
2259,695947,241.6102,600,4,89.75
2260,696096,313.7735,149,3,56.25
2261,696696,238.8256,600,4,89.16
2262,696719,-0.671,23,1,17.87
2263,697319,476.3793,600,5,99.8
2264,697374,18.9583,55,1,22.66
2265,697974,488.678,600,5,100.0
2266,698574,283.463,600,4,90.04
2267,699174,225.3428,600,3,81.25
2268,699774,465.7544,600,5,100.0
2269,700374,240.1256,600,4,91.8
2270,700974,453.2793,600,5,100.0
2271,701574,266.2773,600,4,89.45
2272,701821,543.7024,247,5,99.61
2273,702001,487.6665,180,5,97.46
2274,702601,425.7908,600,5,99.61
2275,702955,668.0604,354,6,100.0
2276,703555,318.394,600,5,94.34
2277,703737,499.5931,182,5,98.14
2278,704337,172.8997,600,2,77.64
2279,704791,242.7768,454,4,89.06
2280,705391,348.1084,600,5,94.24
2281,705991,453.2635,600,5,99.9
2282,706591,373.3703,600,5,95.41
2283,707191,351.3176,600,5,94.53
2284,707791,257.1076,600,4,95.02
2285,707858,137.8947,67,2,52.15
2286,708061,647.9771,203,6,100.0
2287,708519,125.3388,458,2,74.22
2288,708713,455.708,194,5,99.71
2289,708946,708.6755,233,6,100.0
2290,709546,285.1746,600,4,89.84
2291,710146,277.5872,600,4,91.99
2292,710746,229.9919,600,4,89.65
2293,711346,346.9925,600,5,94.92
2294,711946,237.1511,600,4,90.62
2295,712408,236.2051,462,4,89.45
2296,713008,200.7772,600,3,81.35
2297,713608,449.7276,600,5,99.61
2298,714208,190.7,600,3,80.66
2299,714512,192.2038,304,3,82.71
2300,715112,375.8871,600,5,94.04
2301,715671,452.5718,559,5,99.9
2302,715937,498.0346,266,5,99.9
2303,716537,124.4222,600,2,77.15
2304,717137,173.7652,600,2,76.27
2305,717737,383.6648,600,5,94.43
2306,717806,147.2613,69,2,51.56
2307,718168,268.8275,362,4,91.21
2308,718768,194.1621,600,3,85.25
2309,718837,112.7477,69,2,51.56
2310,719437,538.8058,600,5,99.8
2311,720037,543.2106,600,5,99.9
2312,720310,557.1604,273,5,99.51
2313,720910,337.9223,600,5,94.92
2314,720939,16.7374,29,1,38.18
2315,721539,212.3103,600,3,82.23
2316,722139,192.4713,600,3,85.84
2317,722739,264.8819,600,4,93.65
2318,723339,268.0894,600,4,92.97
2319,723939,221.2422,600,3,81.84
2320,724539,230.5194,600,4,90.23
2321,725139,171.053,600,2,76.46
2322,725605,439.2407,466,5,99.51
2323,725624,11.9093,19,1,39.94
2324,725881,502.5594,257,5,96.09
2325,726131,447.9588,250,5,99.51
2326,726538,165.2165,407,2,76.07
2327,727138,439.675,600,5,100.0
2328,727327,495.1272,189,5,95.8
2329,727338,-8.6447,11,1,43.07
2330,727543,435.7053,205,5,99.9
2331,727567,-0.2237,24,1,20.02
2332,728167,153.9904,600,2,75.1
2333,728186,-12.3026,19,1,16.21
2334,728690,235.6357,504,4,88.77
2335,729290,365.1609,600,4,95.51
2336,729300,-11.2498,10,1,41.31
2337,729524,677.2846,224,6,100.0
2338,729534,-14.2235,10,1,37.4
2339,730062,457.1978,528,5,100.0
2340,730186,339.2648,124,4,90.43
2341,730786,449.0954,600,5,100.0
2342,731386,233.9103,600,4,91.6
2343,731755,198.8718,369,2,81.35
2344,732351,224.6893,596,2,80.86
2345,732951,502.6311,600,5,100.0
2346,733551,473.4542,600,5,100.0
2347,733787,487.9983,236,5,99.41
2348,734387,357.1545,600,5,95.51
2349,734758,187.9917,371,3,79.49
2350,734780,14.5307,22,1,38.09
2351,735230,233.1455,450,4,91.6
2352,735830,381.6441,600,5,99.32
2353,736178,640.3102,348,6,100.0
2354,736778,288.8,600,4,90.53
2355,737378,264.8826,600,4,91.02
2356,737402,11.6677,24,1,21.39
2357,737425,20.3188,23,1,40.14
2358,737619,631.8441,194,6,100.0
2359,737836,673.3594,217,6,100.0
2360,737865,60.919,29,2,53.52
2361,738465,426.6158,600,5,99.71
2362,739065,469.9825,600,5,100.0
2363,739665,366.2914,600,4,90.82
2364,739683,-11.8521,18,1,17.58
2365,739861,458.7243,178,5,99.8
2366,740461,370.749,600,5,94.92
2367,740487,25.7631,26,1,41.5
2368,741087,230.1908,600,2,81.35
2369,741687,404.0975,600,5,99.71
2370,742066,320.0262,379,4,89.26
2371,742666,378.7742,600,5,96.88
2372,743266,501.9637,600,5,100.0
2373,743866,243.8524,600,4,89.26
2374,743895,27.6988,29,1,24.9
2375,744495,490.8404,600,5,100.0
2376,745095,495.9102,600,5,99.9
2377,745695,296.1172,600,4,88.67
2378,746295,232.3529,600,3,79.49
2379,746510,663.9812,215,6,100.0
2380,747110,165.1,600,2,72.36
2381,747710,141.4348,600,3,74.9
2382,747732,7.7509,22,1,38.28
2383,748332,502.2161,600,5,100.0
2384,748932,330.7499,600,5,95.8
2385,748996,148.0051,64,2,72.75
2386,749009,-2.4095,13,1,43.85
2387,749609,426.8718,600,5,99.71
2388,749787,354.2063,178,5,92.29
2389,750387,471.0583,600,5,99.61
2390,750987,245.4275,600,3,84.08
2391,751587,247.418,600,4,93.46
2392,752187,224.1177,600,4,81.64
2393,752787,287.678,600,4,89.36
2394,753387,292.0244,600,5,94.34
2395,753987,448.889,600,5,99.71
2396,754007,-0.2651,20,1,18.07
2397,754199,653.8673,192,6,100.0
2398,754382,636.8661,183,6,100.0
2399,754571,502.3101,189,5,99.32
2400,755171,441.2703,600,5,100.0
2401,755180,-20.2938,9,1,39.65
2402,755780,334.6961,600,5,96.09
2403,756380,261.4771,600,4,90.62
2404,756568,640.3956,188,6,100.0
2405,757168,141.045,600,3,76.17
2406,757768,226.2926,600,3,78.22
2407,758368,215.7102,600,3,79.3
2408,758968,165.8086,600,3,77.34
2409,759568,353.2,600,5,96.58
2410,760168,298.9,600,4,92.38
2411,760768,224.354,600,3,76.66
2412,761368,189.1074,600,3,78.42
2413,761968,258.8624,600,4,90.23
2414,762568,224.2862,600,3,83.01
2415,762761,492.9334,193,5,99.71
2416,763361,233.8836,600,4,90.33
2417,763551,652.0313,190,6,100.0
2418,764005,238.3791,454,4,89.55
2419,764339,454.1341,334,5,99.32
2420,764939,200.2196,600,3,81.84
2421,765028,188.2509,89,2,71.68
2422,765628,254.2199,600,3,91.8
2423,766228,481.0293,600,5,99.9
2424,766250,-6.6255,22,1,18.36
2425,766262,-5.8752,12,1,45.12
2426,766862,353.322,600,5,97.07
2427,767169,222.063,307,3,82.42
2428,767769,225.8434,600,4,83.2
2429,768369,266.9349,600,3,83.89
2430,768395,17.3565,26,1,20.7
2431,768995,332.4725,600,5,95.8
2432,769165,324.9642,170,4,88.96
2433,769765,444.1872,600,5,99.02
2434,769786,2.8997,21,1,20.31
2435,770386,439.5999,600,5,99.61
2436,770696,241.2957,310,3,83.69
2437,770723,23.2379,27,1,21.09
2438,771318,293.5363,595,5,99.51
2439,771464,224.756,146,4,82.42
2440,772064,318.2808,600,5,97.17
2441,772074,-10.9997,10,1,42.19
2442,772674,500.9911,600,5,100.0
2443,773274,328.467,600,5,94.14
2444,773874,344.7756,600,5,96.39
2445,773889,3.2508,15,1,40.62
2446,774064,601.5168,175,6,100.0
2447,774664,338.3689,600,5,97.46
2448,775264,317.3879,600,5,97.07
2449,775864,257.4221,600,4,89.65
2450,775888,17.7549,24,1,20.7
2451,776488,286.4249,600,4,89.45
2452,777088,480.1684,600,5,100.0
2453,777688,270.7672,600,3,84.57
2454,778288,347.115,600,5,96.58
2455,778888,331.7139,600,5,95.21
2456,779279,459.2747,391,5,100.0
2457,779631,273.7124,352,4,90.43
2458,780231,219.5924,600,4,81.25
2459,780831,399.7799,600,4,85.25
2460,780856,14.5422,25,1,21.48
2461,781456,269.0695,600,4,90.14
2462,782056,187.5467,600,3,74.71
2463,782656,209.9404,600,4,90.62
2464,783256,331.7832,600,5,97.07
2465,783856,328.9729,600,5,97.95
2466,784456,340.9606,600,5,94.14
2467,785056,438.0644,600,5,100.0
2468,785656,193.1693,600,4,89.94
2469,786256,238.198,600,3,84.67
2470,786775,241.2949,519,4,89.84
2471,787375,474.323,600,5,99.9
2472,787975,330.284,600,5,96.88
2473,788229,331.1043,254,4,89.94
2474,788428,496.1834,199,5,99.8
2475,788488,121.5794,60,2,62.3
2476,789088,301.8406,600,4,86.23
2477,789105,0.0091,17,1,23.24
2478,789164,121.9438,59,2,62.89
2479,789294,347.6323,130,4,95.31
2480,789894,286.7994,600,4,95.8
2481,790494,270.1947,600,4,92.09
2482,791094,242.6698,600,4,91.5
2483,791115,5.7308,21,1,22.17
2484,791715,278.9897,600,4,88.38
2485,792315,389.9066,600,5,99.8
2486,792443,307.8679,128,4,90.04
2487,792616,611.0673,173,6,100.0
2488,793095,384.3136,479,5,100.0
2489,793695,345.27,600,5,98.24
2490,793936,209.3438,241,3,82.23
2491,794536,325.6823,600,5,97.07
2492,794913,270.8427,377,4,89.75
2493,795513,444.7515,600,5,99.8
2494,795689,457.4863,176,5,99.41
2495,795799,296.0433,110,4,89.55
2496,796399,315.0959,600,5,96.78
2497,796999,299.5695,600,4,92.77
2498,797183,619.3605,184,6,100.0
2499,797783,257.905,600,4,88.67
2500,797897,315.5494,114,4,94.04
2501,798366,217.3689,469,3,82.52
2502,798390,2.6848,24,1,20.12
2503,798990,265.727,600,4,90.43
2504,799590,311.9117,600,5,97.36
2505,799858,673.263,268,6,100.0
2506,800034,478.1307,176,5,98.54
2507,800295,263.6447,261,4,90.53
2508,800313,-18.092,18,1,17.48
2509,800913,318.9596,600,5,96.58
2510,801100,612.9527,187,6,100.0
2511,801700,393.7264,600,5,99.61
2512,802300,315.8976,600,5,96.68
2513,802900,389.39,600,5,99.71
2514,803500,306.4167,600,5,94.82
2515,804022,486.9236,522,5,99.61
2516,804342,266.9538,320,4,91.6
2517,804518,471.1209,176,5,99.71
2518,805047,419.0691,529,5,99.9
2519,805647,150.3211,600,3,76.07
2520,806247,260.5509,600,4,93.55
2521,806847,365.3915,600,5,95.12
2522,807447,318.0877,600,5,94.73
2523,808047,362.8347,600,5,94.73
2524,808647,236.6297,600,4,90.43
2525,808827,600.8742,180,6,100.0
2526,808852,11.558,25,1,20.8
2527,809452,437.7961,600,5,99.71
2528,810052,314.6754,600,4,89.45
2529,810652,200.8494,600,3,76.95
2530,811252,310.0,600,4,83.79
2531,811852,384.0965,600,5,99.41
2532,812452,257.199,600,4,91.11
2533,813052,375.1639,600,4,94.24
2534,813077,28.9416,25,1,48.73
2535,813677,172.1906,600,3,76.76
2536,814277,289.4,600,3,85.06
2537,814877,250.919,600,3,84.47
2538,815477,325.8458,600,5,96.0
2539,816010,541.371,533,5,99.41
2540,816610,228.29,600,4,89.55
2541,817024,401.9729,414,5,99.02
2542,817624,416.7705,600,5,99.61
2543,817863,339.8571,239,4,92.09
2544,818051,214.921,188,3,77.25
2545,818075,14.5255,24,1,21.78
2546,818533,246.4199,458,4,89.84
2547,819133,252.0374,600,4,90.43
2548,819151,-6.139,18,1,15.72
2549,819225,171.2511,74,2,71.78
2550,819249,14.7214,24,1,21.78
2551,819849,169.0064,600,2,76.46
2552,819866,-11.9091,17,1,15.53
2553,820466,413.2718,600,5,99.41
2554,821066,467.5972,600,5,99.22
2555,821666,296.6045,600,4,98.54
2556,821686,-15.3563,20,1,16.02
2557,822286,427.4455,600,5,98.83
2558,822521,687.2358,235,6,100.0
2559,823121,467.2493,600,5,99.41
2560,823721,474.3727,600,5,99.71
2561,824321,442.9317,600,5,99.71
2562,824340,14.2542,19,1,45.8
2563,824649,192.873,309,3,77.25
2564,824662,-2.862,13,1,39.06
2565,824829,304.1837,167,4,90.04
2566,825368,408.9419,539,5,99.71
2567,825660,187.799,292,3,81.74
2568,825848,311.4891,188,4,93.07
2569,826448,198.3158,600,3,76.66
2570,827048,323.3463,600,5,97.36
2571,827648,282.2709,600,4,92.29
2572,827923,288.7293,275,4,91.6
2573,827943,2.8696,20,1,21.29
2574,828252,290.4265,309,4,91.6
2575,828852,466.4788,600,5,99.61
2576,829091,304.9639,239,4,90.92
2577,829594,346.8308,503,4,98.83
2578,829867,305.18,273,4,90.62
2579,830306,252.4342,439,4,91.99
2580,830497,624.1072,191,6,100.0
2581,830841,300.3842,344,4,91.8
2582,830979,352.7535,138,4,92.58
2583,831579,388.1944,600,5,95.7
2584,832177,341.8061,598,5,99.02
2585,832777,268.5326,600,4,90.33
2586,833000,288.2274,223,4,90.43
2587,833505,251.8406,505,4,93.07
2588,834105,342.5155,600,5,96.09
2589,834705,342.5367,600,5,97.56
2590,835237,395.229,532,5,99.32
2591,835837,302.01,600,5,94.53
2592,836026,473.3078,189,5,99.61
2593,836626,184.0856,600,3,77.05
2594,836824,638.7892,198,6,100.0
2595,836873,82.0328,49,1,29.69
2596,837473,239.2051,600,3,86.33
2597,838073,452.742,600,5,99.61
2598,838673,349.3453,600,5,95.61
2599,838963,277.5224,290,4,93.65
2600,839178,242.4492,215,3,80.37
2601,839704,370.625,526,4,97.85
2602,840304,447.1386,600,5,99.61
2603,840336,34.5235,32,1,48.34
2604,840936,437.0324,600,5,99.51
2605,841536,252.1922,600,2,80.18
2606,842136,336.8201,600,4,95.41
2607,842736,313.0978,600,4,90.62
2608,843336,205.6108,600,3,79.39
2609,843783,352.2311,447,4,90.62
2610,844383,298.43,600,3,77.44
2611,844983,421.079,600,5,99.51
2612,845342,330.55,359,4,88.87
2613,845893,370.9898,551,5,99.12
2614,846493,393.371,600,4,92.29
2615,846700,656.8688,207,6,100.0
2616,847300,327.1324,600,5,98.93
2617,847900,272.0352,600,4,89.94
2618,848500,327.7,600,5,97.17
2619,848734,304.4261,234,4,93.36
2620,849334,220.22,600,3,79.0
2621,849342,-20.1435,8,1,40.82
2622,849591,408.8346,249,5,96.09
2623,849602,-14.8765,11,1,42.38
2624,849788,503.2887,186,5,98.24
2625,850388,282.5935,600,4,92.58
2626,850988,275.785,600,4,89.65
2627,851588,306.0022,600,5,94.24
2628,852188,192.8938,600,3,77.34
2629,852384,671.2169,196,6,100.0
2630,852765,197.8496,381,3,79.2
2631,853012,477.8671,247,5,99.71
2632,853570,179.6028,558,4,83.11
2633,853769,669.5183,199,6,100.0
2634,854369,355.6807,600,5,97.27
2635,854969,221.126,600,3,78.81
2636,855569,329.7213,600,5,94.82
2637,855757,643.9754,188,6,100.0
2638,856270,252.6694,513,4,91.8
2639,856463,646.2568,193,6,100.0
2640,857063,264.6676,600,4,90.53
2641,857573,179.6102,510,3,51.07
2642,858173,307.1765,600,5,95.21
2643,858707,380.3632,534,5,99.41
2644,858737,13.495,30,1,21.19
2645,859337,340.9068,600,5,95.61
2646,859937,275.3371,600,4,92.68
2647,860537,350.4647,600,5,95.41
2648,860736,644.9049,199,6,100.0
2649,861336,372.6666,600,5,98.54
2650,861822,432.7336,486,5,99.51
2651,862422,362.6127,600,5,99.02
2652,863022,427.2596,600,5,99.8
2653,863622,263.528,600,4,89.75
2654,864222,459.4179,600,5,99.61
2655,864712,435.6703,490,5,100.0
2656,865312,276.7011,600,4,89.45
2657,865763,218.7923,451,4,83.11
2658,866169,172.0681,406,4,83.01
2659,866769,158.9544,600,3,82.52
2660,867369,318.0192,600,5,96.58
2661,867558,630.4795,189,6,100.0
2662,868082,263.1391,524,5,94.43
2663,868682,463.9631,600,5,99.41
2664,868858,613.4424,176,6,100.0
2665,869240,319.3298,382,5,95.41
2666,869840,257.528,600,4,87.6
2667,869979,344.3828,139,4,91.6
2668,870173,632.9639,194,6,100.0
2669,870773,238.5134,600,3,80.47
2670,871373,225.724,600,3,80.57
2671,871973,209.627,600,3,77.73
2672,872161,442.5196,188,5,99.41
2673,872761,271.0101,600,4,91.31
2674,872776,2.8937,15,1,46.0
2675,873376,291.4743,600,4,92.19
2676,873976,193.8806,600,3,77.34
2677,874576,241.7832,600,4,90.92
2678,875176,225.6059,600,3,79.59
2679,875776,214.7,600,3,77.83
2680,875794,-5.8154,18,1,16.7
2681,876325,231.2798,531,3,84.18
2682,876768,319.5446,443,5,96.0
2683,876783,2.9059,15,1,44.43
2684,877383,223.5814,600,3,76.76
2685,877576,642.4888,193,6,100.0
2686,877972,329.0158,396,4,94.04
2687,877983,-14.5565,11,1,41.8
2688,877995,-5.9958,12,1,43.36
2689,878595,263.4185,600,4,89.06
2690,878605,-14.7432,10,1,41.7
2691,879205,248.4885,600,4,89.94
2692,879805,336.9,600,5,97.27
2693,880405,315.1,600,5,96.19
2694,881005,453.0098,600,5,99.02
2695,881605,223.4563,600,3,77.05
2696,882205,288.7,600,4,92.87
2697,882805,244.5,600,3,79.49
2698,883401,269.6689,596,4,91.41
2699,884001,311.4455,600,5,99.8
2700,884601,347.7592,600,5,96.58
2701,885201,459.8171,600,5,98.73
2702,885801,413.6175,600,5,98.63
2703,886401,444.8638,600,5,99.51
2704,886696,282.3914,295,4,91.89
2705,886920,669.5393,224,6,100.0
2706,887520,259.5951,600,4,90.14
2707,888120,365.6866,600,5,95.12
2708,888598,420.6815,478,5,99.71
2709,888626,37.8305,28,1,50.49
2710,888805,298.4479,179,4,80.08
2711,889405,349.2116,600,5,95.21
2712,890005,353.8005,600,5,95.12
2713,890605,477.3568,600,5,99.9
2714,890904,454.4958,299,5,95.51
2715,890921,8.6126,17,1,45.7
2716,891147,645.9821,226,6,100.0
2717,891351,676.8124,204,6,100.0
2718,891951,230.9255,600,4,91.8
2719,892551,444.8219,600,5,99.41
2720,893151,354.142,600,4,97.27
2721,893159,-17.1055,8,1,41.11
2722,893354,662.419,195,6,100.0
2723,893954,243.494,600,3,80.57
2724,894554,454.597,600,5,98.93
2725,895154,280.5298,600,4,90.04
2726,895754,381.5125,600,5,99.71
2727,896055,251.713,301,4,91.02
2728,896176,200.1809,121,2,76.76
2729,896776,451.0288,600,5,99.12
2730,896798,17.5739,22,1,23.44
2731,897398,503.2793,600,5,100.0
2732,897998,239.888,600,3,82.03
2733,898193,644.04,195,6,100.0
2734,898793,242.7629,600,4,90.23
2735,898810,-11.7366,17,1,18.26
2736,899410,300.8681,600,3,82.32
2737,900010,326.2388,600,3,80.57
2738,900610,256.0115,600,4,90.23
2739,901151,620.0672,541,6,100.0
2740,901501,246.74,350,4,91.6
2741,901691,653.1293,190,6,100.0
2742,902291,347.1,600,5,96.0
2743,902891,358.6963,600,5,95.61
2744,903491,446.7217,600,5,99.41
2745,904091,460.4698,600,5,100.0
2746,904691,285.9354,600,3,80.76
2747,905291,426.4936,600,5,99.9
2748,905491,678.6096,200,6,100.0
2749,905947,428.3717,456,5,98.34
2750,906327,286.5804,380,4,89.06
2751,906927,332.8204,600,5,96.78
2752,907527,264.2658,600,4,89.26
2753,908069,426.2889,542,5,98.05
2754,908285,692.4791,216,6,100.0
2755,908380,140.5777,95,1,66.41
2756,908980,303.9351,600,5,99.12
2757,909580,398.9551,600,5,99.22
2758,910180,285.4298,600,4,91.7
2759,910570,482.0815,390,5,99.71
2760,910772,645.0998,202,6,100.0
2761,911372,280.0284,600,4,89.16
2762,911734,251.6381,362,4,89.84
2763,911942,680.1001,208,6,100.0
2764,912144,662.1182,202,6,100.0
2765,912153,-23.6583,9,1,41.41
2766,912226,128.4345,73,2,51.56
2767,912382,311.5715,156,4,89.16
2768,912982,399.5093,600,5,99.71
2769,913300,269.1791,318,3,81.35
2770,913483,409.8978,183,4,91.41
2771,914083,238.7334,600,4,92.58
2772,914683,438.5431,600,5,99.9
2773,915283,336.4708,600,5,97.56
2774,915514,679.31,231,6,100.0
2775,915778,675.4143,264,6,100.0
2776,915966,525.2487,188,5,98.14
2777,915985,-6.116,19,1,19.92
2778,916585,323.79,600,4,82.62
2779,916765,499.2968,180,5,97.27
2780,916786,17.7541,21,1,23.34
2781,917386,485.9774,600,5,99.9
2782,917986,325.8479,600,4,83.3
2783,918586,275.2379,600,5,90.43
2784,918776,651.3609,190,6,100.0
2785,918958,326.7775,182,5,94.24
2786,919156,654.7751,198,6,100.0
2787,919756,365.9593,600,5,99.71
2788,919958,626.5367,202,6,100.0
2789,920558,342.2545,600,5,94.92
2790,921158,252.1036,600,4,89.36
2791,921758,327.4622,600,5,96.48
2792,922358,254.4219,600,4,89.65
2793,922958,433.4589,600,5,99.71
2794,922983,20.2181,25,1,21.58
2795,923583,252.9401,600,3,82.32
2796,924183,343.6256,600,5,98.54
2797,924361,498.5217,178,5,96.68
2798,924961,410.6299,600,5,99.61
2799,925561,315.2407,600,3,82.32
2800,925759,652.7669,198,6,100.0
2801,925943,466.0545,184,5,98.63
2802,926112,572.5807,169,6,99.9
2803,926712,320.8502,600,5,95.61
2804,926781,141.0839,69,2,52.05
2805,927219,284.8256,438,5,95.02
2806,927819,322.0853,600,5,94.24
2807,928419,275.0585,600,4,86.04
2808,929019,267.3843,600,4,88.67
2809,929619,294.4241,600,4,88.57
2810,930219,261.3729,600,4,84.57
2811,930467,135.3348,248,2,73.63
2812,930781,271.592,314,4,90.62
2813,931381,275.1625,600,4,93.26
2814,931981,306.746,600,4,90.23
2815,932581,231.4804,600,3,81.05
2816,933181,330.7,600,4,83.89
2817,933781,329.9293,600,5,94.34
2818,934381,335.2226,600,5,94.63
2819,934981,389.1092,600,5,99.02
2820,935366,275.3334,385,4,92.77
2821,935966,331.0794,600,5,96.29
2822,936566,312.7,600,3,82.52
2823,937166,259.7666,600,4,94.04
2824,937209,57.7391,43,1,51.76
2825,937809,178.3948,600,2,76.56
2826,938409,321.7594,600,5,96.78
2827,938754,356.2896,345,5,95.9
2828,939354,402.35,600,5,99.32
2829,939954,245.5108,600,4,91.11
2830,940554,340.5,600,5,97.27
2831,941154,398.1019,600,5,99.8
2832,941754,136.0215,600,2,61.91
2833,941990,606.803,236,6,100.0
2834,942590,475.1994,600,5,100.0
2835,942608,2.7752,18,1,35.45
2836,943208,270.4466,600,4,90.14
2837,943808,297.7632,600,5,99.9
2838,944408,251.3419,600,4,89.65
2839,944430,8.8736,22,1,20.7
2840,945030,362.3913,600,3,82.13
2841,945216,636.4532,186,6,100.0
2842,945816,313.3783,600,5,97.27
2843,946416,239.8,600,4,89.36
2844,946631,675.5337,215,6,100.0
2845,947231,383.2681,600,3,81.45
2846,947238,-19.9035,7,1,39.84
2847,947838,420.2698,600,4,82.81
2848,948438,360.5022,600,5,97.27
2849,948818,348.6761,380,5,94.53
2850,949007,321.1318,189,4,90.82
2851,949513,272.6615,506,4,82.13
2852,950113,362.0962,600,5,99.12
2853,950713,297.4788,600,4,91.8
2854,951313,338.8257,600,4,91.02
2855,951661,332.4013,348,5,96.88
2856,951709,63.7816,48,1,35.25
2857,952309,243.5553,600,4,89.75
2858,952909,292.8715,600,3,73.73
2859,953402,262.6898,493,4,90.14
2860,954002,343.3286,600,4,84.18
2861,954602,314.6337,600,3,81.45
2862,955202,428.4558,600,5,99.9
2863,955802,258.4849,600,3,81.54
2864,956005,661.8971,203,6,100.0
2865,956605,148.2226,600,2,75.39
2866,956822,678.4998,217,6,100.0
2867,957269,326.1312,447,4,89.65
2868,957869,497.8825,600,5,99.8
2869,957886,6.0893,17,1,36.62
2870,958082,655.0766,196,6,100.0
2871,958682,283.3524,600,3,74.71
2872,959282,344.9232,600,3,76.66
2873,959803,420.2254,521,5,99.41
2874,960403,369.9298,600,5,96.88
2875,961003,327.0932,600,3,73.93
2876,961603,361.3817,600,5,99.51
2877,962203,397.722,600,3,80.86
2878,962803,244.1373,600,4,89.65
2879,963403,247.2022,600,4,82.52
2880,964003,152.9,600,2,74.61
2881,964202,638.8667,199,6,100.0
2882,964220,-17.8542,18,1,19.73
2883,964420,634.7111,200,6,100.0
2884,964816,386.9453,396,5,100.0
2885,965416,429.5158,600,5,99.8
2886,965831,270.9899,415,4,94.24
2887,966431,472.8662,600,5,99.9
2888,966614,518.0268,183,5,98.05
2889,967098,216.3312,484,4,92.68
2890,967551,256.8732,453,3,79.0
2891,968151,145.7386,600,2,66.5
2892,968751,260.3178,600,4,88.38
2893,969351,292.2009,600,5,94.34
2894,969951,324.3966,600,4,91.02
2895,970334,272.9617,383,4,92.77
2896,970531,643.403,197,6,100.0
2897,971131,227.4848,600,3,76.17
2898,971317,614.7285,186,6,100.0
2899,971917,368.5508,600,5,96.48
2900,972151,679.7686,234,6,100.0
2901,972168,-5.9449,17,1,22.07
2902,972768,350.7929,600,4,83.79
2903,972965,639.2722,197,6,100.0
2904,973565,250.7665,600,3,81.93
2905,974165,434.8998,600,5,99.51
2906,974765,314.9634,600,4,84.57
2907,975244,222.1322,479,4,89.84
2908,975530,186.1016,286,3,78.91
2909,976130,464.7264,600,5,99.9
2910,976730,291.3405,600,4,89.94
2911,977284,271.7859,554,5,94.92
2912,977884,409.5437,600,5,99.61
2913,978075,640.9274,191,6,100.0
2914,978477,407.3371,402,5,99.71
2915,978691,451.4429,214,5,99.9
2916,978712,15.148,21,1,21.78
2917,979040,201.085,328,4,81.45
2918,979640,408.7096,600,5,99.8
2919,980240,359.9108,600,5,99.9
2920,980840,242.3234,600,4,90.33
2921,980863,17.7352,23,1,21.09
2922,981463,445.2785,600,5,99.8
2923,981475,-14.5609,12,1,38.67
2924,981494,-3.2976,19,1,34.08
2925,981524,27.5999,30,1,23.05
2926,981741,673.4525,217,6,100.0
2927,982341,287.1736,600,4,83.2
2928,982941,93.0822,600,2,66.5
2929,983541,326.1106,600,5,94.92
2930,983949,237.7635,408,4,89.36
2931,984549,257.9917,600,2,78.81
2932,984571,19.8221,22,1,21.97
2933,985171,195.3033,600,2,71.39
2934,985358,513.4795,187,5,96.88
2935,985891,402.2571,533,5,99.71
2936,986491,284.5434,600,5,89.94
2937,986509,-14.8048,18,1,20.31
2938,986915,432.2182,406,5,85.74
2939,987515,163.191,600,2,74.9
2940,988115,445.8065,600,5,99.71
2941,988135,-2.9826,20,1,19.53
2942,988735,304.5675,600,4,90.72
2943,989335,370.229,600,5,97.75
2944,989935,413.0042,600,4,87.01
2945,990459,427.053,524,5,100.0
2946,991059,440.9855,600,5,100.0
2947,991659,236.672,600,3,82.91
2948,992259,262.0656,600,4,92.48
2949,992859,204.6151,600,3,82.91
2950,993459,155.7527,600,2,75.1
2951,994041,198.5297,582,4,90.23
2952,994309,364.9802,268,5,94.53
2953,994909,354.053,600,5,99.9
2954,995509,236.2579,600,3,82.91
2955,996109,416.2995,600,5,99.9
2956,996709,455.3104,600,5,100.0
2957,997309,261.9859,600,4,90.33
2958,997909,335.6804,600,4,83.59
2959,997917,-17.3624,8,1,40.92
2960,998083,457.9475,166,5,99.12
2961,998683,314.5464,600,4,86.33
2962,999283,258.3858,600,4,90.43
2963,999883,407.8673,600,5,100.0
